50 Cent,unit,50,cent,yayo,nigga,fiesta,niggas,hoooooood,shit,shi,bub,gyal,lloyd,banks,pours,boomboom,haffi,fk,rubbed,utp,aftermath,homie,clickity,soliders,nypd,dre,na,bitch,sh,clank,fuck,southside,rains,grimey,thurr,shady,ja,mayn,shorty,mah,obie,downfall,ur,stunt,unbutton,underdogs,fkin,lil,millionaire,wen
Aesop Rock,aesop,catapult,weathermen,bazooka,aes,makeshift,tugboat,alchemy,lucy,merit,charcoals,circling,picket,diversion,adjacent,batteries,carnival,colony,pertinent,dolls,hermit,martyrs,labor,sturdy,rickety,via,fever,rabid,brick,appleseed,demeanor,prior,polaris,remnants,barnacles,festive,grimace,surrender,talkies,harvest,walkie,crows,waddle,fevers,tends,countys,pixels,cables,tin,thorns
A$AP Rocky,asap,aap,trill,swag,polite,shimmy,camera,maison,jiggy,raf,purple,finna,throwed,pistol,cellphone,margiela,lockjaw,harlems,weigh,fuck,nigga,swagging,clams,lords,action,propane,wickity,simons,nast,pizzaz,trendy,codeine,jeremy,swaggin,goyard,tussin,niggas,sipping,rihanna,repping,syrup,reefer,uptown,entre,madre,bitching,harlem,drip,purest,swishers
A Tribe Called Quest,phife,shaheed,applebum,bonita,segundo,i8217m,q,tribe,jarobi,cholesterol,quest,abstract,it8217s,don8217t,shah,lucien,phifer,rhythms,muhammad,linden,consequence,ham,malik,dawg,that8217s,ali,tip,wallet,brothas,questin,they8217re,ab,hon,drifting,yummy,motivate,can8217t,pubic,busta,zulu,oowop,marauders,diggi,biko,eggs,sunll,el,afrika,you8217re,wa
Beastie Boys,mca,agh,beastie,soba,adrock,lighten,crafty,balloon,negotiate,bennie,bim,adam,quack,funky,mcas,mario,ad,mike,snappers,boomin,egg,brass,georgie,awol,girlies,drifter,monkey,beefed,hoo,manhattan,tempo,baba,mojo,ale,doon,granny,barnyard,kurds,goto,joustin,whatcha,muh,brooklyn,disco,bonanza,yee,thrusts,remote,jammy,weepin
Big Daddy Kane,scoob,kane,i8217m,cee,scrap,asiatic,shane,yll,ain8217t,can8217t,demonstration,mister,whattaya,that8217s,i8217ll,jiggin,you8217re,mc8217s,tchk,kanes,it8217s,aah,nana,marl,cameo,lover,lg,operator,youe,gable,acceleration,pjs,captivate,competition,shyheim,equality,stuy,comp,whoopie,mmm,olde,dolemite,farrakhan,harmony,groove,tootie,poetically,genuine,endure,unite
Big L,flamboyant,corleone,mcgruff,harlem,gruff,l,onnn,lennox,ls,ayyo,flam,terra,whyle,federals,biggity,kam,mvp,pal,shyheim,aiyo,skinz,flav,hottie,shit,thickest,niggas,nuns,rampant,splitin,writ,clenched,endz,dented,entertainment,bam,ditc,skoop,snuffing,arty,flunkie,cokey,playmate,bbo,nfl,nigga,38s,punks,lynched,sl,hamper
Big Punisher,pun,punisher,lah,darlin,seis,glamour,boricua,stunned,punishers,joey,lye,terror,amazingly,squaders,cuban,squad,boriqua,puns,prospect,baguetted,perrico,largest,gatling,scratched,fk,trizz,aiyyo,blah,lyricallyyou,lefrak,punishment,bronx,requires,punish,chula,thug,joe,culo,prodigy,wherere,quotables,baffle,bubb,playahh,multiples,hydraulic,ojays,twinz,piped,niggas
Black Moon,buckshot,opin,bucktown,smif,wessun,5ft,steele,headz,beatminerz,buck,clik,bd,niggas,original,dee,gunn,bumrush,iz,ack,ft,ruck,fuck,bo,timberland,walt,shit,aiyo,dialect,nigga,knapsack,fap,clacked,bcc,nuzzle,waar,crooks,boot,shorty,cha,lon,finesse,brook,engulf,ruger,manifest,dred,beein,franklin,dissed,pon
Black Sheep,lawnge,sheep,dres,tiki,similak,mista,hon,lak,legion,showbiz,duration,ag,persevered,astoria,tocking,sphere,bootie,slamming,styling,positively,select,chaos,sugar,reg,wool,krill,nineties,bah,tori,huhhhhhh,yie,soliloquy,dapple,tractors,4321,wendal,meantime,jingle,finga,plop,bland,stanley,bubbling,negro,intervene,countries,bonita,gliding,expands,wickedly
Boogie Down Productions,krs,bdp,diggi,blastmaster,larock,scott,melodie,tcha,kris,productions,widdy,tings,stylee,gal,vous,kenny,bye,controls,wan,bronx,metaphysical,dong,chem,reggae,pom,cos,perk,icu,kyant,violence,parker,fi,industries,edutainment,hah,african,egyptians,poetry,they8217re,mcboo,we8217re,racist,chat,posse,it8217s,i8217m,whick,bloo,stardom,abraham
Brand Nubian,nubian,jamar,probable,puba,muthaphucka,sadat,pubas,sharpens,godz,cos,troublin,alamo,pu,derek,frowning,nu,grains,rochelle,borns,mystery,courtland,hut,ragtime,trusting,bubblin,maxwell,liner,everthings,introchorus,dedicate,dread,aiyyo,sincere,bye,dreadlock,wiv,mankind,x,micraphone,brand,grand,lg,battlefield,civilize,knot,eliminate,knowledge,cipher,ep,bronx
Busta Rhymes,flipmode,busta,conglomerate,opin,yah,wildin,mystikal,niggas,courvoisier,dinco,shit,rowdy,digga,aeiyo,oonu,rampage,nigga,bottoms,di,squad,cmon,grinch,goooooooo,hah,inna,lalalala,rah,yuh,arab,cha,reptar,spliff,milo,format,yup,bah,woo,laaaa,liberian,mi,bounce,ramp,mek,oooooooooooo,sham,anarchy,introoutro,marsha,bitches,wylin
De La Soul,meany,pos,dove,oodles,mase,jenifa,plug,aaah,oooh,buddy,jeff,jenny,lawd,de,ic,p2,phife,os,skeezer,trugoy,lawnge,paul,jody,luuden,fulltime,merc,dres,hello,tunin,nonstop,gmc,trenches,quest,potholes,chattanooga,whipper,beepers,native,rrrr,recording,stakes,doo,abstract,millie,pitched,padlock,daisy,saturday,afrika,peas
Diddy,diddy,mase,notorious,que,puff,remix,peaches,dep,delivery,benjamins,112,understands,sean,alllll,shit,harlem,youknowhatimsayin,niggas,yearning,repeat,goodfellas,enemy,pd,satisfy,wana,te,roxanne,courvoisier,yep,expression,diddys,puffy,nigga,loon,bentley,ture,cmon,nz,fk,gansta,por,iiiiiii,preciate,curl,kain,justin,sheek,goodfella,playa,spoilers
Digable Planets,easin,funk,swoon,planets,jettin,units,dps,mecca,crooklyn,insect,butterfly,ladybug,jazz,doodle,flams,marx,creamy,nickel,plaits,joyce,norm,junk,spaces,trane,digable,dat,baggy,sundays,slicker,psychedelic,manchu,rhythms,jams,jive,boomin,fluent,insects,sugars,nappy,vibin,naps,duds,ladybugs,kamali,butterflys,felts,pestilent,blooms,cocoons,mumias
DJ Jazzy Jeff & The Fresh Prince,jeff,jazzy,fp,hyped,prince,jeffs,shadow,charlie,tig,aaooww,teresa,monotony,sumthin,aaoww,uppercut,twinkle,wheelz,jj,tic,mum,numero,limo,jazzys,oowww,dj,girlie,chitty,riggidy,bettys,bel,djs,skool,deejays,toots,blinker,jeffrey,groove,def,psyched,literary,candlelight,jockey,pup,beatbox,transformer,astounding,goodman,ooww,mx,honked
DMX,arf,ryders,ruff,diggy,niggas,ryde,dmx,tiiiime,catz,grrr,shit,beee,dogs,nigga,fuck,gots,dang,gon,bloodline,fassy,kato,dogz,wha,fog,phaze,boom,cats,fk,yonkers,slugs,touchy,clubbin,ayo,aiyyo,bitches,oooohhhhh,bitch,dog,slipping,wit,nutt,summin,untouchable,x,motha,dawg,somthin,uhh,bark,sheek
Eve,tambourine,eve,swizz,ryde,lovell,whistlin,beatz,ruff,bombshell,aiiyo,jadakiss,eves,breaka,fk,philly,ryders,ugh,drag,mimi,ryder,dogz,babygirl,guessing,shit,scorpion,woo,v,satisfaction,niggas,wcw,evey,bitches,whistle,pinned,blond,din,nitro,whiling,ain,pearls,cris,fkin,touching,chips,stallin,repeat,coz,streetz,bernie,boyfriend
Fugees,giggles,wyclef,pras,refugees,vocab,softly,fugees,laaah,strumming,lauryn,refugee,unh,reconcile,lalala,cheeba,prakazrel,clef,ting,oooh,zealots,prazwell,rashad,zion,skippity,tronic,elec,adjusting,zen,jacques,la,brackets,fugee,recharge,ichi,jericho,haitian,armies,babylon,youknowimsayin,haitis,alors,percenter,zaire,vous,november,blunted,zsa,manifest,gab,libra
Gang Starr,guru,gangstarr,premier,starr,shug,positivity,militia,steez,chumps,tons,hiney,gusto,surprisingly,devestating,primo,influential,scratches,riot,gotch,dop,betrayal,mcs,manifest,premiers,suckers,foxxx,gangstarrs,punks,escalate,jeru,jazz,lyn,theory,greg,gifted,foolproof,duelin,illest,stifle,relaxation,decree,greedier,arena,scratched,universal,conspired,soliloquy,surpass,execution,remains
Ghostface Killah,theodore,ghostface,starks,woodrow,tush,aiyo,toney,staten,wu,raekwon,killah,stark,ghost,delivery,youknowhatimean,ironman,tang,maxine,stapleton,trynna,clarks,robes,fk,niggas,cappadonna,island,mattola,shit,iron,tony,fuck,bush,airbrush,chauncey,tonys,tops,trife,bangles,bicardi,mooney,greedy,wally,darts,aha,aiyyo,spades,ditty,narcs,meth,nigga
Grandmaster Flash & the Furious Five,shoo,wantcha,grandmaster,din,creole,gra,zodiac,raheim,melle,cowboy,stevie,flash,scorpio,oah,ahahahaha,aiyyy,furious,mel,whoa,raheem,jungle,virgo,higher,capricorn,aquarius,repossessed,blossoms,pickpockets,rik,augustus,trainee,ha,mccoy,lovers,vanderbilt,dell,fandango,peddlers,deans,eta,panhandlers,fas,shy,ness,sez,midrange,sal,burglars,evrybody,bun
Grandmaster Flash,chaka,survival,khan,dop,supernat,fastest,1987,melle,grafitti,raah,breakers,flygirl,winners,herc,underarms,grandmaster,wrapped,flash,grandmasters,ramo,djs,millon,odor,birthday,breakdown,ba,mel,cutting,caddys,survive,rocked,cowboy,cuase,dusk,slightest,swirl,siege,sasson,choise,piggies,serenades,latifa,headspin,entangled,michelangelos,unitin,ghengis,grocers,glowed,arranged
G-Unit,unit,lloyd,yaha,yayo,50,cent,iam,nutts,banks,tha,gggggg,nigga,soliders,ur,wan,somebooooody,fk,boyyyy,niggas,mats,bm,yousta,gggga,stunt,wen,xxxxx,niggah,shit,thang,houndin,fked,shawty,shooter,meow,stones,ment,cig,tony,ova,underdogs,buddy,wat,bitch,naggin,shells,te,southside,toaster,hummer,fuck
GZA,gza,rza,amplified,wu,rakeem,breaker,genius,swords,instructions,trample,cra,yugo,celebs,execs,superlogical,extorted,steels,currents,abstract,shogun,errors,basic,tang,removed,sample,producers,duel,mcing,arctic,fk,lively,energized,shovels,rodriguez,shams,explored,vessel,mcs,clan,shatter,hebrew,crunchy,chiefs,toucan,rec,processing,asserted,imi,panes,wisp
Immortal Technique,immortal,technique,revolutionary,que,revolution,countries,goonies,mierda,democracy,harlem,3rd,martyr,resources,corporate,aztec,homeland,corporations,paramilitary,terrorists,government,laden,latino,overthrow,gente,stronghold,america,propaganda,cia,economic,funded,racist,lantern,slavery,conservative,mythology,revolucion,socialist,guerrilla,warfare,freedom,glittering,manufactured,monetary,noriega,political,psychology,iraq,pharoahe,rampant,revolutionaries
Inspectah Deck,rec,brothaz,ins,killah,staten,wu,siny,rebel,10304,inspectah,uncontrolled,plo,sos,darts,fisk,terminology,femme,echoin,tang,writes,scratcher,thell,shaolin,donnie,toxi,aiyo,bloodsport,specialist,clansman,asia,stereotype,sword,gritty,medallions,killa,highness,growl,enforcin,invent,restore,nursed,manhattan,thrower,chea,urban,lootin,trynna,streetlife,2009,champion
Jadakiss,jadakiss,jadas,ns,jada,mmwwaa,champ,peachy,muah,fuc,bubba,sullivan,handlers,lox,ryde,doped,raspy,niggas,ruff,gunsll,sheek,jasmine,cruisin,crispy,keen,torture,extort,un,author,confiscate,nigga,justification,pushers,wit,shit,hangover,violatin,louch,hoods,contr,methadone,whomp,shine,dutch,downright,blatantly,tonights,nicks,hawk,rs,ai
Ja Rule,inc,murda,ja,vita,begotten,rule,mpire,niggas,murdera,jas,nigga,sy,murdah,irv,murderers,tha,treez,meanz,gotti,ohhhh,bitches,leo,fuck,thug,slugz,doggz,murder,shit,demise,fk,murderas,wit,caller,feared,slugs,holla,takinem,hoodstock,mys,ig,reign,ashanti,haha,btch,bitch,tah,gunz,gangstas,lonely,da
Jay-Z,roc,hov,jigga,swagga,izz,ody,bleek,marcy,jay,z,gi,geyeah,sigel,ide,ge,fella,brooklyn,hova,memph,missing,99,naz,amil,jaz,uhh,jockin,tomarrow,nggaz,ri,niggas,lalala,ke,mamis,nigga,mami,hustler,geah,beanie,shit,bah,hunnid,praising,thoo,shawn,neef,bach,paging,bounce,fuck,adi
Jedi Mind Tricks,vinnie,paz,jedi,hologram,stoupe,blanked,vp,probes,dd,pagans,terrestrial,allah,cerebral,suf,esoteric,pharaohs,ancient,verbal,elohim,tibetan,pharaoh,overstand,portals,colony,disagreeable,torture,backless,spiritual,divine,dimensions,spawned,fluke,galaxy,particles,adored,pharoah,communion,beings,outerspace,ominous,illadelph,priest,judas,mortals,cathedral,dumbin,celestial,chines,heyo,ezekiel
Jungle Brothers,jimbrowski,meany,afrika,jbeez,jungle,woh,freakin,dina,jbs,tribe,sammy,beeds,drivin,buddy,recess,dready,yawl,brothers,yie,jimmy,beez,native,scats,kangaroos,funky,vibes,bam,hut,bra,zigga,q,usage,ultramagnetic,dove,ahhh,prophesized,tribes,yippee,posdnous,blight,treetop,kalled,mike,marryin,ritual,vine,shaheed,vibe,jb,quest
Kid Cudi,nite,cudi,wylin,hooo,stoner,trippy,wowie,lanes,cleveland,runaway,yeaaaah,loner,aite,maui,zonin,wherell,switchin,na,afterwards,unfuckwittable,ew,eww,oooh,galactic,duper,nanananananana,lalala,immortal,lonely,floating,rager,yammin,whoa,hazy,whoaa,leaner,solar,maniac,whoooa,uck,goneee,x3,worries,soundtrack,salutations,honolulu,wale,helpful,motherfucka,cus
Kool G Rap,giancana,censored,cakes,grimm,headcrack,bosss,underworld,kool,gotsta,executioner,jakes,tec,sidewalks,cider,quoti,jan,widow,niggas,shit,cee,queens,operations,coroners,nigga,fort,slugs,nore,cana,skylights,youuuuuuu,xi,honory,pledgin,quot,boons,barcaleno,wig,copping,mines,pap,thug,ta,clicks,bgf,grandest,sables,magnifico,electrocution,costello,rons
Kool Keith,keith,na,kool,blackula,dibble,truckers,buttcrack,defecate,panties,125th,morgue,maxin,balmer,gto,dabble,intruder,santiago,sa,octagon,27,ampex,blam,esham,director,backpacks,thongs,beee,pontiac,14th,urinate,clifton,defecation,dorados,alligators,photographer,mane,bodyguards,bronx,spaceships,promoter,asscrack,piss,lingerie,greyhound,turnpike,tampax,saucers,doodoo,diesel,basketball
KRS-One,krs,kris,overseer,bdp,reigns,vroom,bogle,bronx,edutainment,blastmaster,survivin,freee,simone,lyric,rita,consciousness,culture,teacher,metaphysical,unify,hoppers,bap,blaow,de,democracy,efx,ahhhhhhhhhh,inebriated,redman,spiritual,unity,server,uhh,mc,temple,mcs,anita,gwan,pout,replied,eee,knowledge,teachin,lyrical,strivin,woop,factual,awareness,bink,das
Kurtis Blow,kurtis,aj,basketball,ruled,daydreamin,yeahh,transformers,bronx,slaving,breaks,employed,stere,pearls,showdown,boogie,overtime,stranger,cheered,vicki,annoyed,blues,fancy,awright,wilt,guitar,stories,brakes,clocks,sleigh,limousine,bricklayer,timbales,fannie,casanovas,cpa,razz,wilkins,bambaatta,someplace,clop,umpires,complicatin,babyyyyyyy,vickis,sureshot,shonuff,timess,chalet,diamons,halston
Lauryn Hill,pom,romp,guantanamera,jerusalem,intentional,mera,joyful,guan,tana,lauryn,conquering,pa,matters,deception,inequity,skribble,social,thy,reciprocity,owed,gladness,thee,yuh,theyve,freedom,sparrow,oahh,meeee,traditions,watches,majority,standard,obligation,thine,meeeeeee,realizing,desperately,drum,sweetest,eee,giver,harms,victory,inspire,loving,rainbow,trough,gratis,housetop,sincera
Lil' Kim,kim,peeved,ceas,vivrant,bee,mafia,queen,jm,kimmie,dut,heartbreaker,whoa,lil,mwah,notorious,licks,toppa,toot,fk,ich,benzino,beehive,bitch,kimmy,respirator,peaches,guna,nz,marmalade,junior,biggie,kims,download,lighters,pam,niggas,sumin,shanice,realms,shit,audacity,bella,coucher,jaguar,patron,brooklyn,stuy,gal,waan,mmm
LL Cool J,ll,diggy,farmers,creator,motherland,buckin,relic,todd,j,jlo,goat,hollis,queens,funkadelic,sprung,und,uhh,ynahmean,loungin,thatcha,milky,bells,lls,clowin,heartbeat,fatty,nicht,cobbler,yknowimsayin,le,def,aeiyo,funky,niggy,hush,ls,l,youknowimsayin,whoooo,boulevard,jinglin,diggedy,knowimsayin,dontcha,swizz,whassup,smith,canibus,ole,creators
Mary J. Blige,kn,searching,blige,whoa,skycap,mary,whatsup,confrontation,pms,411,breakthrough,ooh,marys,waterfalls,mending,mjb,someday,tra,rainy,loving,sincerity,asunder,perculatin,babe,hun,realy,valentines,shines,memories,flying,testimony,hmmm,hateration,rainbows,nowhere,stronger,someone,lifetime,changes,satisfied,ohhhh,meantime,whenever,unto,heyy,complete,nono,ooooh,joy,deny
Mase,mase,twyla,mae,harlem,stase,huddy,hud,meeno,betha,loon,becky,cuda,gina,teamsters,cardan,ohyeah,whoooa,prettiest,julie,worldll,gatts,mamacita,fk,niggas,blinky,nigga,rolley,suave,cancun,wit,suvs,700,chimney,carriage,mysonne,waive,droll,evrybody,tyler,motherfker,repeat,bethas,arraign,puffy,cris,z3,gonn,imma,stretch,chu
Masta Killa,ding,wu,allah,jamel,irief,chika,masta,deh,reknowned,tang,arief,sworn,mantis,tilden,craftsman,gath,trynna,salam,shamel,justice,dart,compromisin,pussyhole,shaolin,verrazano,lafayette,informer,nursin,crafted,brooklyn,bloodstream,coughs,chivalry,canteen,imports,ba,toney,nook,lohan,akbar,darts,killa,agreed,silverback,cavalry,iron,grasp,assumption,universe,calculated
MC Lyte,lyte,ruffneck,lytes,positively,lola,deejay,ficky,ain,absolutely,dopest,mc,brooklyn,logics,momll,90s,georgie,hoppers,enlarge,porgie,anna,climbers,poom,companion,coz,y,roseanne,sam,fk,squish,female,libra,fooled,hypin,ruffnecks,rickys,sagitarius,druglord,cram,thus,crowbar,parkay,boredom,clawin,bango,picturesque,twine,oopsy,bubblebath,dapped,tisk
Meek Mill,paulie,levels,liv,bieber,meek,maybach,rozay,muf,gametime,blap,kings,tryna,shawty,downn,miley,mufuckin,ckin,nigga,niggas,youngin,cyrus,nigger,balling,boss,justin,benji,racks,kony,carlo,tonys,yeaa,mmg,757,bitch,shit,monte,rolly,heared,birkin,milly,ck,spitter,vogues,swag,toasts,waiter,panamera,hammers,duffle,doa
Method Man,tical,meth,wu,tang,plo,method,staten,gilla,yameen,fisk,shaolin,rza,aka,studd,torture,carlton,trynna,johnny,clan,stat,verrazano,armaggedeon,niggas,streetlife,squealing,teasin,aiyo,stimulation,aiy,mcgirt,trout,chambers,judgement,billing,ruckus,killa,dolemite,resevoir,owls,lasting,shit,fuck,stimuli,blaow,nigga,elect,countdown,sword,bredren,lung
Mobb Deep,mobb,infamous,noyd,dunn,queensbridge,thun,41st,qbc,havoc,qb,prodigy,duns,hav,niggas,abouts,shit,queens,dun,nigga,cowardly,dunns,bent,hallways,slugs,muzik,fk,halfway,aiyyo,fuck,killt,hectic,muzak,clapped,numerous,shook,heyyyy,alchemist,guns,cmere,project,p,knowhatimsayin,clink,rottin,nuns,shorty,crooks,mines,billas,memorise
Mos Def,mos,kweli,undeniable,mau,unite,bah,claro,cav,simmer,talib,brooklyn,dante,dah,blak,ecstatic,def,boogieman,ge,ahs,ir,incline,whoahhhh,katrina,hurricane,flaco,magnetic,pharoahe,understandin,booka,cyclical,travellin,oasis,illusions,ces,umi,bismillah,sugar,stuy,speedin,radiate,blackstar,sufferers,hidin,boogie,universal,weee,womp,diallo,licensed,behaved
Nas,chie,nas,disciple,wally,queensbridge,oo,bravehearts,qb,dumbs,braveheart,ruled,escobar,niggas,esco,nasir,nastradamus,illmatic,thiefs,shan,gga,thugz,virgo,jung,gangsters,queens,prisoners,qbc,chacun,nasll,olu,shit,hott,mega,extended,thug,colours,nass,41st,mn,shotz,bravehearted,dunn,nigga,cormega,firm,beemers,understandable,brazilian,foxy,project
Naughty By Nature,treach,opp,illtown,dadi,ladi,craziest,naughty,vinnie,cos,vin,ohhhh,hooray,neighbourhood,webber,kay,fk,nature,klick,118,poom,shrinkin,gee,potato,kitten,rottin,mourn,beelow,naughtys,rhymell,connections,gones,pss,drifter,motherfkin,wickedest,mook,kaygee,bruisin,tippy,aphrodite,hennys,ta,motherfkers,spangler,adulthood,overtones,mercifully,kow,thugs,newark
Nicki Minaj,nicki,minaj,raah,roman,dungeon,barbie,dutty,sw,voom,dragon,shitted,na,rah,blazin,gyal,icecream,beez,dominoes,mu,gudda,endorse,mi,yooo,thus,lewinsky,ling,bitches,monroe,roger,cupids,eh,typo,tossed,cone,handstand,yen,lollipop,haffi,wen,flyer,ba,knockout,holiday,silencing,groan,shawty,li,marilyn,replay,starships
The Notorious B.I.G.,biggie,smalls,notorious,dinin,playahh,winin,uhh,unbelievable,clicks,icu,tote,shit,biggies,btch,downfall,motherfuckers,sidekicks,niggas,poppa,nias,fuck,nigga,gonja,frank,pressin,hooker,wiggity,mafia,squeeze,rum,habits,brooklyn,juggle,illest,duets,gat,fuckin,jm,junior,bitch,hypnotize,fckin,clits,2006,blunts,flashy,winbush,ih,baka,cees
Ol' Dirty Bastard,wu,tang,za,odb,rawww,ason,zz,mcgirt,bastard,zoo,duh,nuh,stinkin,shimmy,ol,su,roc,ticklin,taping,zu,sniffs,brooklyn,hut,clang,joni,funkier,dirt,dun,ralphie,sik,blaaow,dirty,yi,jon,icp,goodies,dnn,aspired,meeno,powerfully,illlll,cleverest,resound,superlogical,stickball,ammonia,rza,gab,cunningham,knowimsayin
Public Enemy,flav,niga,swindlers,pe,phisticated,revolutions,coincidence,enemy,33,terminator,solutions,revelations,chuck,madd,flavor,allright,unstoppable,griff,bedlam,whatcha,public,flava,terrordome,agent,terminators,huahh,cointel,iz,politics,dat,crayola,baaaaaad,bluntz,lookout,lemme,cracka,revelation,cmon,stax,louies,truss,hardcore,racism,defy,governments,revolution,rebel,iii,afternoon,13
Q-Tip,bom,vivrant,meany,chu,hooking,abstract,de,thus,buddy,tonite,ummah,saadiq,q,slighted,corretta,consummate,shakur,raphael,loving,hideaways,grumpy,lull,fighting,funkmaster,nooks,infidel,uninvited,kamal,sprits,jibs,certainly,rung,hasty,fraternity,easier,belief,looky,chivalry,intertwine,duds,dilla,thangin,leaguers,coos,distinctive,corridors,contend,kennedys,tupac,mixes
Queen Latifah,latifah,latifahs,merrily,badness,cue,queen,joined,travlin,pom,brightens,elements,positivity,sweethearts,strutting,likkle,wrath,plex,weeping,gladness,overjoyed,whatsoever,ramsey,huff,cooling,among,creme,affliction,georgia,command,monie,willow,swoll,simply,enable,winters,composures,insain,wis,uncrowned,goy,reverie,45,unit,bowl,specimen,conversating,desperately,stereotypes,flavor,oooh
Raekwon,shaolin,raekwon,rae,wu,chef,aiyo,shallah,ghostface,youknowhatimsayin,caramel,rza,niggas,youknowhatimsaying,linx,pecan,starks,knowhatimsayin,yae,tang,hil,shit,clarks,scarfaces,sundaes,mailing,lex,cuban,duh,jakes,yaknowhatimsayin,fudge,fuck,nigga,politic,yal,ditto,twirl,inspectah,vanilla,unconquerable,swade,staircases,ghana,poisonous,french,eh,deluxe,whattup,aiyyo,salvation
Rakim,rakim,ra,persuasive,allah,tengo,punish,militia,spontaneous,barrington,yknow,boldest,contagious,scenes,allahs,anxious,dubar,porque,soloist,universe,levy,guessin,tu,visual,naw,returns,yaknahmean,cama,existed,si,rotated,harnesses,streetll,knowledging,proteins,inorganic,solids,pages,radiate,ist,bis,maximum,te,organic,individuals,timeless,mirages,amazons,skylines,theoretical,misma
Redman,gilla,redman,doc,muh,doggz,dirrty,coc,ppp,funk,funkadelic,meth,gorillaz,reggie,bak,newark,brick,fucka,luva,tical,spock,erick,aiyyo,jerz,darkside,wa,youuuuu,stalk,blaow,pancake,noble,cosmic,jersey,knotty,unruly,murray,bricks,sermon,dat,gorilla,fuck,treez,lod,alota,shit,chickenhead,malpractice,stinkin,mutherfker,muhfucka,boogee
Run-D.M.C.,tricky,dmc,hollis,darryl,jay,tr,adidas,devestating,jammin,jam,riff,perfection,dabba,beatboxing,guitar,queens,stiggidy,rev,gina,illin,afros,dmcs,master,liggy,mary,simmons,homeboy,tougher,ave,jays,pause,q,ahhh,whoo,ruler,dum,84,depths,runs,nooooooo,jims,lama,diddy,1983,jmj,galore,nimble,sucker,tengo,djs
Salt-N-Pepa,pepa,cathy,mario,shoop,doop,salt,spinderella,denton,pep,syncopated,cheryl,noises,sandra,gamin,independent,oooo,salts,somma,ba,somebodys,cher,hurb,sandy,deffer,sexy,peps,mixboard,nerves,turntable,doper,stepper,empress,hurby,fella,hyped,tramp,drumroll,postive,irritation,automation,grandmasters,whoe,sadder,putt,gitty,disturbed,express,pertained,cuz,roper
Schoolly D,schoolly,cheeba,filas,aqua,lleyo,schooly,deejays,psk,didja,gangbanger,badass,teens,whitey,zula,catcha,haired,blackman,prankster,towin,nigger,sometime,plumber,kitches,coqui,gankin,faggot,suckah,baa,code,gased,cs,girlies,hummin,dusted,muthafucka,brotherman,sis,ladi,gramps,nighty,ehm,submerge,uneducated,swigger,funky,popcorn,supernatural,muthafuckin,sucker,caine
Slick Rick,rick,ricky,withdrew,doug,davy,scooby,shay,hiya,vance,ricks,dooby,ruler,advisor,ditty,enforces,gosh,scratched,depart,hon,alonell,ported,although,darn,divorces,crockett,accumulating,doo,nonell,lalalala,di,firmament,gable,trifer,saltin,snooping,embarassment,dishonest,faultin,datty,pullers,girlie,octopus,kit,tenderloin,flirts,fume,slick,patch,finds,pharoahes
Styles P,sp,poobs,ohhhhh,kite,holiday,ghost,niggas,dutch,ohhhhhhhhhhhhhhh,nigga,paniro,tes,haze,iam,styles,fy,kon,shit,sheek,gentleman,gangster,akon,sacrafice,mario,ryde,p,louch,gnac,ryder,fuck,whoaaaa,ruff,j,piff,jadakiss,erybody,swizz,hawk,highhhh,poring,conway,ohhhhhhhhhhhhh,pinero,fired,oughta,dutchie,message,airs,lox,whaddup
Talib Kweli,kweli,talib,clak,blacksmith,bah,kwe,dah,rainbows,offa,deliver,ro,yoyoyo,rawkus,th,eardrum,ghet,ichiban,abdominal,cloak,mos,brooklyn,maaaaaaaaan,grae,revolution,millionaire,navigate,tek,amazin,soundbombing,blackstar,cousins,ture,pa,avery,revolutions,consumers,reflection,freedoms,pharoahe,jean,bizarre,carefree,nawimsayin,spiritual,flatbush,yup,shit,3rd,niggas,lockin
The Diplomats,dipset,santana,rell,camron,juelz,cam,aiyoo,freeky,taliban,jim,killa,zeek,byrd,suttin,rowdy,diplomats,aiite,jones,jr,sandles,diplomat,dips,revoir,harlem,40th,145th,channels,hustla,immunity,diplomatic,capo,movements,roc,whoadie,platt,cinnamin,muchacho,bounce,dip,clocking,gangstas,papo,whant,oozies,harlems,adios,movement,lennox,handles,sequal
The LOX,sheek,lox,ryde,stylez,jadakiss,luchion,fooled,louch,niggas,koochie,wuz,jenny,ruff,paniro,fk,poppa,sill,vipe,mmwwaa,luch,envolved,arf,keenen,pringle,shit,swizz,tightened,mommies,styles,tha,optimum,furnish,wha,porche,videotape,fking,lb,sp,ryders,yonkers,hunnies,chall,ayo,wit,shelltops,setchu,bakeries,dilinger,cocksucker,hugh
The Roots,zen,roots,malik,riq,tariq,grits,mm,tha,illadelph,bop,complexity,illadel,leonard,objects,popcorn,philly,stimulatin,kweli,phila,riddlin,mellow,straighten,hus,mommys,illa,lighter,dynasty,tant,lovely,lighthouse,heh,travolta,contents,sherrif,bahamadia,wop,blah,essay,groovy,silently,aiyyo,crumbs,square,proceed,treatment,phi,getters,illi,yamean,dancehall
RZA,rakeem,digi,boing,bobby,wu,dans,qui,les,pas,lui,cest,rza,digital,bza,tang,le,et,comme,je,ich,tout,analog,shaolin,que,rhumba,hoodrat,bby,jai,du,une,swords,gros,sexcapades,sur,sword,esta,zig,tuh,trop,moi,nicht,chacun,faut,ett,en,jag,nous,wie,shhh,sommers
The Sugarhill Gang,sugarhill,dang,hippie,lover,diggy,boogie,kemosabi,hank,ysee,chicka,hah,gee,di,motel,helluva,dibbie,ahhahaha,squaws,whistle,viciously,buttered,throwdown,delight,kays,pow,diddy,spankin,boppa,yooooo,ello,youme,sasoons,mocassin,hahs,ahahahah,rhythm,haa,hoo,definite,custer,kaopectate,farrah,scoobie,fawcett,hoppa,inn,ah,function,imp,cassanova
U-God,hillside,kj,wu,inf,vets,warrior,shaolin,devious,supa,scramblers,rza,golden,brah,livewire,cries,swell,crumbling,mothafka,spines,bonified,techno,unfolded,conivers,fergusons,flusty,acapell,hatching,stumpin,hatchin,staten,jody,pleasure,redemption,chippin,nothins,trynna,lane,ratchets,copters,bandaged,sharpshooter,halley,battlestar,dusty,sponge,ruck,showers,36,uey,leatha
Wale,wale,moscato,snapback,shawty,flyer,pposed,ballin,roscoe,foamposites,pg,ambition,rotation,dc,satisfactions,dmv,existing,vanity,clappers,gga,tryna,ggas,sabotage,alaykum,salamu,trance,nike,yuh,lyk,lebrons,jordans,seinfeld,blocka,effort,endure,homer,mmg,aahs,ck,contemplate,nigga,spikes,niggas,bittersweet,youuuuuu,bakin,beee,anyways,resented,stroke,blunts
Will Smith,jeff,jazzy,summertime,swagga,fp,tra,nod,nana,jaden,charlie,prince,knox,millennium,jeffs,unwind,heyyyyyy,mib,deejays,jiggy,transformer,shadow,da,waz,limo,deejay,alpine,jada,na,hype,besito,gizz,mellie,digga,defenders,yi,tig,bettys,bedsty,nuthin,suits,cruisin,ra,potna,willow,bouncin,twinkle,jj,jl,aaooww,loretta
Wiz Khalifa,khalifa,moola,taylor,guap,feddy,errday,ggas,wiz,gga,medicated,pittsburgh,ink,kush,swag,purp,planes,yeeaaa,shawty,wizzle,spitta,gang,nigguh,smoking,tryna,doobies,taylors,weed,widers,champagne,hoes,grind,niggas,cus,youngn,ck,plane,yellow,accapella,yeaa,hella,drift,taylored,yup,dank,repping,shit,clicquot,youngin,ziploc,chu
Wu-Tang Clan,wu,tang,pum,rza,clack,gunll,shaolin,meth,ich,boxcutter,acabo,inspectah,ruckus,sword,clan,rae,dnn,youknowhatimean,method,deini,gza,ghostface,slum,niggas,plo,allahs,raekwon,tical,und,yourz,embry,chao,killa,aiyyo,yaknowhatimsayin,masta,wallys,swarm,click,killah,darts,oshkosh,shit,poi,rum,cypher,geniusgza,killarmy,36th,bethlehem
Wyclef Jean,wyclef,oui,clef,ou,nan,pou,oa,yon,gen,diallo,bidi,refugee,bleu,ng,moun,lan,si,se,guantanamera,suk,li,qui,refugees,zam,pa,pas,bom,rouge,quand,masquerade,et,pjs,gens,carnival,sa,elected,di,jean,te,dippy,november,ki,huhhh,cri,fugee,china,mera,dong,pase,woy
"Big Sean,",leone,guap,ambiguous,sean,mula,sierra,closet,stunting,errthang,threesome,ck,hallelujah,chardonnay,muthafucker,shouldve,ablaze,tch,gga,workaholic,bloop,wobble,finna,prez,cking,bittersweet,tryna,vacay,boldy,gaye,fck,detroit,bullshittin,cka,dividing,goddamned,switched,wrongs,401k,ggas,bitch,airhead,getcha,boi,imma,iiiii,ff,errybody,ye,drowsy,honestly
Bone Thugs-N-Harmony,krayzie,layzie,bizzy,murda,thugstas,clair,thug,ruggish,thuggish,cleveland,thugsta,bone,harmony,pap,trues,thugs,mo,tha,weedman,nigga,wid,thuggin,rott,niggas,eazy,ouija,playa,hation,buckin,killa,ia,redrum,fk,souljah,milimeter,crossroads,guage,flesh,bailin,gauge,scrapping,yahweh,killas,leatherface,getcha,beelzebub,bloody,smug,clog,warriors
Bow Wow,yippie,wow,shawty,bow,weezy,kno,wooo,jd,hooo,wizzle,floo,stuntin,moss,flirt,patna,shad,ymcmb,ohio,g3,gurl,lossing,wizzles,soulja,bw,ck,irresistible,columbus,lamborgini,nanana,shawtie,crunk,lamborghini,uhu,needa,tryina,wows,riddin,lb,lambo,wat,celebrations,bt,bla,playboy,bedroom,sod,stunt,cmb,paddy,lil
Chance the Rapper,na,zan,cigarettes,cocoa,pusha,druggy,fritz,scummy,hoodies,kisses,bino,hubby,igh,acid,dank,paranoia,juice,woodgrain,lickety,stank,tagging,motha,jam,gripping,wiley,cheeses,pitter,muh,chauffeurs,weighted,butter,satin,patter,lowkey,potty,lucy,nitty,suspended,everythings,ken,dripping,bennett,buenos,twerk,bummy,samuel,goodbyes,ooh,nobodys,yelling
Chingy,chingy,thurr,gurlz,gushy,holidae,cass,git,hurr,clubbin,gib,herre,neeeeed,herr,stickshift,stirr,lemme,numbered,tha,yahh,26s,yu,stl,daum,ling,18s,dtp,superhero,ching,flo,husslin,crome,platta,dizzle,dirrty,leading,friendsand,mah,jackpot,luda,curr,shellz,shhh,swag,490,lettting,othas,ratin,louis,ditches,representin
Common,erotica,alllllll,geto,com,digga,dang,looooong,common,assata,canibus,allllll,suga,heidi,blooded,questions,yoo,faithful,thelonious,studs,doo,misunderstood,squared,bilal,luh,travelin,microphonist,gis,cbs,chi,69,ca,chicago,blige,loneliness,broads,gramps,frantic,meeny,poetrys,rugged,enlight,mountin,accuse,guru,144,unh,ohhh,petey,rashid,commons
D12,d12,kuniva,bizarre,bugz,kon,instigator,artis,kum,swifty,dozen,pitts,eminem,feudin,compares,denaun,salsa,obie,fuck,barbershop,mcvay,lootin,somein,shit,marshall,downers,uppers,trice,bitch,whoevers,obies,pyscho,bizzy,pills,detroit,weaponry,weapons,runyon,andrews,rondell,mushroom,mcveigh,brigade,tit,carcus,fuckers,derelicts,dawg,unfit,band,shady
Eminem,eminem,hailie,shady,obie,marshall,mathers,chika,chiki,shadys,slim,chicka,dre,313,denaun,trice,amityville,maxine,shit,fuck,dah,murda,trailer,dum,fack,bagpipes,goodbye,valium,superman,uncontrollably,mushrooms,trailor,aftermath,kyu,kim,bitch,susan,detroit,puke,dres,slit,eon,murray,accidentally,d12,fk,fucking,doc,stan,dungeon,slut
J Dilla,dilla,hut,simpson,dill,mcnasty,ghe,tto,crushin,detroit,termanology,jay,ifeel,uggh,uhh,frank,kat,dank,numerology,enslavin,tigga,ohhhh,j,pete,scratched,aaa,vil,dee,nitty,beeda,humm,flynn,whattup,echoes,somn,alfa,specialized,bellys,souffle,rasheed,yup,deezy,wildstyle,nick,shores,ruff,wobbly,stimulatin,beet,niggas,economy
Kanye West,kanye,gwaan,bah,kanyes,whack,roc,igh,yeezy,amazing,lockdown,chi,dah,workout,graveshift,ye,ggas,phi,gga,ck,weeping,ridiculous,dior,apollonia,flashing,la,kanyeezy,heartless,bittersweet,digger,isotoners,whoaa,timeless,mourning,vuitton,vandross,kweli,aiiyo,robocop,extravaganza,edward,bizzerk,li,kan,spaceship,hov,shit,sum,lambo,homie,izzo
Lupe Fiasco,lu,lupe,coolest,fiasco,gadget,intruder,donor,halos,hydraulic,hello,experiment,hustla,midwest,meanest,paused,barge,lus,flapping,tha,aiyy,cornel,hustlas,ff,nigas,uncool,ital,wut,weapon,brim,wide,lamborghini,beamin,cleanest,fiendish,niggs,greasy,rawlings,fiascos,starry,slr,dangers,sympathy,chicago,oblivion,scars,misunderstood,gota,sideways,47s,genious
Nelly,andele,nelly,massachusetts,zoop,ei,ohhhhhhhhhhhhhh,shawty,maryland,derrty,liv,tics,erynight,lunatics,thicky,shimmy,icey,herre,ey,whoop,ciroc,eh,lawd,iz,tippin,hurr,vokal,na,murph,layd,errtime,spiffy,mami,murphy,5000,dontcha,lemonade,midwest,100k,merry,yaseewhatimsayin,cookie,digit,buh,st,applebottom,nel,foreva,mon,louis,couse
Twista,twista,hopeful,tung,mobsta,tha,mobstas,badunkadunk,liffy,chi,w,legit,ballaz,stalone,stokes,twork,elites,wick,bogus,birthday,fes,dro,ballers,nigga,scummy,jihad,bennie,mob,2012,hoe,na,funky,24s,shit,twistas,hypes,lyrical,onnnn,shawty,yaah,niggas,midwest,bucked,vandross,finna,fk,rhythm,rodey,balla,hussle,alright
2 Chainz,chainz,agra,yuck,extremely,mane,countdown,strippers,luv,realest,dawg,slanging,rubberbands,ee,vi,mein,ye,choppa,youtube,ko,plethora,whiffing,pitching,tity,shawty,birthday,36,bunkin,twerk,employee,riot,trap,muhfucking,southside,cannonball,stunt,oz,codeine,snakeskin,tru,ceiling,chopper,soda,fork,ridin,mothafucka,wattup,nigga,styrofoam,tunechi,alexis
2 Live Crew,marquis,mixx,ch,luke,martinez,sucky,hoochie,bch,skeet,treach,pus,diddy,wah,bart,puy,sy,li,aaight,banned,punani,usa,doo,whew,kisha,booty,fuck,monica,juanita,pussy,dk,sally,lukes,medusa,heeeere,skyywalker,yakety,pussys,dominating,psk,hilary,etc,bitch,dick,heyy,heyyy,dum,vert,demonstrating,raggedy,alum
Arrested Development,dreads,wendal,serpent,raining,revolution,wag,honeymoon,dawn,washed,prays,fishin,headliner,sistas,snazzy,mamas,persons,religion,allowing,horseshoes,africas,pebble,resides,altar,tennessee,kwesi,consciously,shore,forgiving,oceans,uncertainty,thrusted,conscious,acres,landlord,natural,relinquish,brotha,baba,guided,yaah,bol,kneelin,political,passive,minding,probally,development,shores,baptist,enhances
Big K.R.I.T.,rotating,chugga,sub,tires,sprinkling,eq,krit,2000,coated,lows,highs,swirl,shinning,thirsting,slamming,300,reclining,folk,drawing,reminiscence,zac,gripping,bowling,locomotive,choo,compelling,claims,chop,machine,ck,someday,slab,dreamin,marinate,shawty,mississippi,hometown,inbetween,neva,overlooked,stomping,olds,doubters,sacrificed,grain,overqualified,motherly,confucius,acl,fuchsia
Chamillionaire,chamillitary,koopa,chamillionaire,chamillion,mixtape,mayne,messiah,tippin,swangs,cham,swishahouse,throwed,mayn,cand,gyeah,fif,revenge,lizard,texas,creepin,mixtapes,dike,ehh,smallz,swangers,plex,murda,slab,4s,fasho,houston,screens,lac,screwed,na,thoed,screw,trill,tryna,whoooa,ridin,hol,oppurtunity,swang,tha,slowed,biness,someing,gripping,gimmick
Childish Gambino,gambino,betchya,childish,oakland,hoodie,glover,ucla,needed,andrew,weird,indie,rainbows,donald,whiskey,culdesac,facebook,boi,elroy,recluse,hipster,shit,asian,iphone,phat,ebola,heartbeat,nerdy,apc,fey,smarty,hollerin,swag,fuck,swagger,snacks,turds,reference,brrrr,bambino,mapquest,flier,rihanna,sunshine,texting,backpacker,saturn,asthmatic,turd,clockers,grind
Clipse,trak,clipse,pusha,yuh,kis,malice,hmmm,mek,di,neptunes,grindin,cot,na,cha,snitching,kardinal,gangstafied,whatcha,blah,unfamiliar,mi,trill,malicious,din,lalalalalalalalalala,inna,definin,champion,lining,hoooo,cl,pharreal,virginia,ultimate,counseling,va,sposta,liva,virginias,pharrell,twinkie,par,mueller,popeyes,sl,ka,ma,tryna,nigga,obnoxious
Geto Boys,geto,bushwick,muthafuckas,fk,gb,willie,motherfkin,ward,wuz,muthafkin,facemob,scarface,shay,motherfkers,motherfuckin,motherfker,shit,whassup,5th,niggas,nigga,fuck,assassin,ge,mutherfuckin,bitch,goddamn,fkin,muthafkas,ba,judicial,lunatic,brad,wut,mayn,sheila,wunt,motherfuckers,hoe,muthafuckin,gangsta,bitches,kkk,niggero,muthafka,goddamned,cathy,ganksta,johny,muthafucka
Goodie Mob,gipp,inshallah,swats,goodie,wid,fie,southwest,damm,shawty,sexual,tha,beavers,fiesta,nigger,instinct,everythang,trill,moma,cutty,peekin,atlantas,khujo,ild,obligations,pallbearer,godly,chocolate,clampett,flutes,mo,marietta,martinique,crappin,mothering,fashioned,mundo,squeal,ghetto,bankhead,una,chu,dungeon,unscathed,cascade,hots,limitations,touched,cee,brigettes,calhoun
J. Cole,cole,gga,ggas,ville,sh,disgusting,ck,carolina,runaway,cking,trynna,niggs,tryna,farewell,hov,nigga,niggas,yea,shit,finna,simba,ey,chaining,dolla,hollin,trailer,elite,dadada,nc,dat,hoes,n,jermaine,hoopin,sinner,nigg,bitch,ay,idols,therapist,purdy,stairwell,shawty,fuck,daddys,f,aye,lebron,muthaf,splurged
Jermaine Dupri,jd,jermaine,confessions,na,dupri,montreal,ooooooooooh,monin,getcha,hardball,chi,bally,supafly,heezy,brat,playas,tyrese,maaaan,hadda,mbp,clump,jagged,roamin,worn,tweezy,gleam,sweetheart,velvet,atl,ev,strokers,wristwear,tasy,dizzog,bizzo,xscape,zane,dogg,atlanta,thumps,destination,strike,nate,collin,snoop,ay,def,sumpin,goosebumps,yum
Juvenile,solja,nolia,mamma,magnolia,mannie,tha,juvenile,azz,juve,poop,lotion,utp,bauds,juvie,boyz,wodie,march,meyer,nigga,mf,bg,shiggedy,juv,vl,upt,cmr,ward,turk,223s,ha,chopper,uptown,motion,calio,ta,niggas,rees,tc,lil,soulja,leanin,valence,rag,oscar,girbaud,sets,bitch,bruh,wootay,lio
Lil Wayne,weezy,swagga,wayne,wee,shawty,carter,hollygrove,birdman,tha,gga,ck,gudda,tunechi,ssy,nigga,bitch,mula,kno,yeaa,cking,stunna,bedrock,stuntin,orleans,tch,trippy,ceilings,dat,da,f,fuck,syrup,yeahya,ggas,cita,injection,lollipop,sh,yea,jiggy,mullah,juelz,maine,wut,pussy,cmr,waynes,nuthing,chopper,lil
Ludacris,luda,ludacris,icky,miney,dtp,y0u,meenie,eenie,runaway,gether,eet,shawna,yep,sg,aqain,disturbing,ludas,ohhhh,cupids,yum,lova,hello,virgo,hoe,clause,youz,valle,ur,gim,tha,worried,disturbin,fatty,index,ey,overall,ayyyy,ik,georgia,285,sunglasses,ize,whoop,shawnna,cris,friendz,0,nigga,hoes,watchya
Master P,tru,ridas,silkk,limit,whodi,dank,soldiers,nigga,richmond,p,ward,brah,rowdy,calliope,niggas,chea,wodie,mystikal,shocker,slangin,boom,diggi,dealas,orleans,sonya,tha,mp,yaknowhatimsayin,na,girlz,bitch,killas,fk,daytons,3rd,thangs,hut,uhhhhh,gangsta,burbans,whoadie,thug,miller,tah,hush,tat,souljas,wanta,kenny,muthafuckin
Missy Elliott,missy,swat,elliott,timbaland,gainst,supa,misdemeanor,mommy,wah,busa,fricky,yah,dun,dutch,badman,dupa,rrr,getcha,weave,dats,izzy,ooooooh,daaaa,doo,ly,donk,sht,tres,di,temptation,jeeps,sprewells,singing,reverse,thanga,dat,tootie,visas,elliot,butterflies,mafucka,zah,kizzy,timb,nuh,cmon,ta,misdemeanors,puba,toot
Mystikal,mystikal,stutter,aaw,throwed,replying,chea,murderer,hemp,bitch,stu,yaah,nigga,fuck,12th,whomp,handstand,silkk,aggressive,whutchu,shit,tha,tittie,thirteen,fabulous,ward,niggas,gumbo,muthafuckin,limit,whodi,tommorrow,tyler,talker,wsup,violator,fuckin,tarantula,whatd,tweeter,shocker,wu,yearn,boot,ain,tt,chall,orleans,boisterous,concerts,braids
Outkast,ode,boi,outkast,andre,dungeon,poo,trendsetters,goodie,ooo,gipp,uppin,df,drankin,3000,kast,valentines,oooo,hootie,stankonia,pointe,tash,bah,wid,bankhead,calhoun,godly,woo,ooooh,sideline,overheated,de,decatur,caroline,cadillac,git,bowtie,swats,stank,southern,sasha,hoo,roses,erb,oooooo,upits,malignant,hoez,ver,fowl,mighty
Pusha T,bod,quiting,kilos,gga,unapologetic,buzzards,unpolished,louboutins,brighten,yeh,exclamation,pusha,ye,boards,birdseye,saleen,entrada,louboutin,thiss,gull,burke,liva,commes,piata,cking,pegged,jaden,serenade,niggers,alas,balenciaga,overs,spraying,crane,nother,dries,tryna,flair,givenchy,dichotomy,slowing,dealer,tivo,regrets,mascot,nemo,glitters,nigga,doubles,sunk
Rick Ross,touchn,ross,maybach,ev,speedin,chevy,hustlin,meech,hitcha,trilla,bosss,niqqa,ggas,suspects,billionaire,khaled,yayo,sunglasses,gga,tha,gger,nigga,boss,reppin,mjg,hoover,usual,rick,dade,summers,laa,woah,intricate,rozay,ricky,sophisticated,bitch,reebok,niggas,ridin,150,mistakes,trill,forgives,brisco,taxin,da,nutin,ro,fuck
Scarface,scarface,southside,someday,brad,nigga,niggas,muthafuckin,shit,fuck,outchea,facemob,mary,muthafucka,diary,maryjane,motherfuckin,bitch,sa,ward,hmmm,muthafuckas,skrilla,mutherfuckin,finna,ryde,yuk,mutha,krunch,stupider,agg,stead,uknowmsayin,tela,motherfucker,mafia,dogg,mayn,gangsta,snitch,ble,thier,holloway,shife,brads,funky,hoes,overnight,youknowmsayin,flippers,mam
Three 6 Mafia,lolli,memphis,mafia,ie,scarecrow,crunchy,infamous,igh,barrin,juicy,paul,mane,hypnotize,hoe,kaze,koop,prophet,bitch,bud,6,tha,nigga,triple,heffer,wha,quitta,mayn,mystic,fkin,fk,hitta,woow,dat,haven,hoes,playa,fking,bitches,klan,niggas,blac,da,hatas,wit,wid,spinners,characters,killas,posse,killa
Timbaland,timbaland,magoo,maganoo,ching,marchin,timothy,wayy,timbo,miley,fri,wah,doh,missy,va,jumps,mag,undertow,yeahh,bling,digga,tim,diggi,perks,considerate,nota,despised,keri,bubba,izza,hua,bats,ginuwine,ese,git,richter,oooh,aah,boogie,ficky,sought,crunk,pyar,hilson,maniac,tha,da,dreamt,rumours,esco,timmy
T.I.,swagga,swagger,shawty,asap,ay,bankhead,fr,aye,kuntry,psc,ti,gga,finna,trapp,nigga,forgave,swag,yae,24s,shit,niggas,amusement,dro,chirp,chevys,mayne,goodnight,trappin,partna,dey,homes,100k,swang,bikinis,swinging,sucka,wit,pimpin,wildside,trap,travelin,patna,holla,pc,bruh,betta,dawg,dopeman,folk,polices
TRU,tru,silkk,bou,fedz,limit,cheeze,richmond,boz,calliope,niggas,killas,nigga,ward,soldiers,187,dow,shocker,mia,swamp,motherfuckin,mobbn,motherfucking,muthafuckin,dey,tha,kevin,fuck,soldier,ral,unlady,gangstafied,shit,serv,bitch,foo,bustas,porsha,hoe,taz,deala,dolla,uptown,dopeman,fiends,dank,playa,p,rowdy,dealers,slangin
UGK,institution,84,trill,ugk,bun,swinging,shife,corruptors,swangin,fk,swishas,ohhhhhhhhhhhh,knahmtalkinbout,sweets,bitch,pimpin,mur,innate,eah,kingz,slab,pimp,candy,texas,diggers,erb,sixteens,pa,nigga,hoes,disturbed,confusin,swisha,boppers,ohhhhhh,niggas,gos,compressor,hoe,sable,affair,syrup,plex,chilla,dank,crampin,ridin,execution,fuck,shit
Vanilla Ice,icky,vanilla,fuked,darkman,prozac,unbreakable,published,gail,survivor,puppet,illy,2xs,produced,rosta,rah,shituh,deshay,iceman,revolves,detonator,primal,reapeat,zag,funky,tah,studios,wickedness,ooooo,inc,vanillas,shay,zig,freestylin,tha,fk,ice,normal,satisfaction,bayou,emi,reggae,beachfront,fck,keyboards,rue,programming,engineered,rae,roni,psycho
Young Jeezy,jeezy,jeah,cte,jizzle,getta,nigga,lambos,swag,ay,kno,bandana,goddamned,snowman,trap,erbody,tha,niggas,shawty,muhfkin,rida,survivor,clumsy,da,muhfka,needa,mane,streetz,shit,grind,corporate,87s,yea,pulla,jus,hypnotized,tch,louie,holla,squares,usda,everythang,chevy,luv,stunna,wit,gurl,tryna,fye,dey,dat
2pac,tha,2pac,dayz,outlaw,thug,soulja,outlawz,deathrow,tupac,males,makaveli,niggas,streetz,nigga,overlapping,eyez,brendas,heartz,thuglife,mutha,ballad,fuck,kastro,troublesome,thugz,outlaws,westside,homies,pac,fuckas,enemies,ridah,playa,comrades,motherfuckers,cradle,shit,adversaries,bustas,rearview,behaviour,heeyyy,bitches,hahaha,thuggin,syke,whatz,yaknowhatimsayin,motha,motherfuckin
Blackalicious,dah,gab,blackalicious,orchestrate,lateef,purest,accelerate,prostrate,thoughtlessness,aural,fabulous,elevate,encased,dee,forest,lah,altered,overwhelming,societies,offerings,seeded,reveals,preme,motivate,bended,astrologist,catalyst,concentrate,articles,seeping,di,irate,energy,uses,erupting,calculus,oncoming,fatness,arrow,verbal,gift,inner,restlessness,stifled,heaviness,lipsticks,sedatives,distinctive,mucus,scattering
Casual,casual,hieroglyphics,automobile,cas,snupe,flunked,del,overlordian,shamen,phuck,calamity,pelted,pep,endo,yaseewhatimsayin,standpoint,belted,refreshed,hieros,jon,comp,reasoning,amend,tajai,exceeded,misconstrued,aloof,reluctant,hiero,dat,prowess,promptly,breakbeats,autobiography,muster,jammies,seasoning,array,axes,rattles,eh,releasing,gatt,mi,bitchs,shit,fog,rudely,policies,clowning
Coolio,rrrr,coolio,thevz,mrs,maad,cos,throwdown,mayn,geto,thief,cruisin,casulties,wa,exercise,somebodys,loc,sistas,coz,keenan,voyage,smugglers,babay,letn,cought,conned,criticism,slowly,posed,slippity,diddy,corn,shinin,huckleberry,jones,donald,monstar,beer,nutsac,stix,pixie,kel,wino,compton,homies,fantastic,sumpin,ooh,takes,favour,paradise
Cypress Hill,cypress,que,te,sen,biddy,seeker,como,gatt,en,greenthumb,cuando,tu,por,hill,bong,porque,todo,el,tengo,voy,los,pero,mi,ese,bilingual,aqui,mota,si,illusions,membrane,soy,hummm,nunca,todos,un,estoy,gente,muggs,ahit,dicen,lingo,esta,con,se,sabes,assassins,doughboy,latin,hacer,este
Del Tha Funkee Homosapien,del,hieroglyphics,bombay,dels,phuck,immersed,homosapien,whacha,meadow,unicron,fraudulent,upgrade,ku,hoodz,industy,dozens,ur,associates,nosin,phuckin,hiero,blindness,opio,soopa,landslide,gluttius,swallowers,phucked,emcees,development,funk,fiendish,proto,cm,sums,dr,tajai,feen,mysterious,imbecile,expensive,oakland,enhanced,wannabes,appearances,jeah,splendor,fools,companies,lackluster
Digital Underground,humpty,hump,wussup,quack,packet,underwater,holly,rimes,89,shimmy,guts,colour,cocoa,belongs,funky,meee,ody,oregano,widdit,awright,doggs,humps,funk,packets,wheee,rhymings,ces,blowfish,ooh,nucka,dumpty,circus,punana,gook,iza,shock,shuttle,ooooooooh,diluted,digital,peewee,falsely,doll,groceries,underground,abstinence,barbecued,barring,dab,flo
Domo Genesis,domo,genesis,hodgy,sheeit,musnt,ruffles,greenbacks,rasta,wolf,tings,basic,papers,membership,facelift,kickin,appropriately,gameplay,scathe,maharishi,mayonaisse,homestead,hairlines,decapitator,valeries,signalin,encountering,portioned,laurel,cambell,rileys,hairline,jurassic,salute,fi,loitering,assures,nilly,syd,flubber,clancy,fastballs,vapes,skinnin,scribblin,buzzin,endorphins,exs,rufus,calligraphy,samoans
Dr. Dre,dre,tat,chiggie,kurupt,scheamin,colourblind,daz,sometin,yippy,pleeease,aftermath,chariot,masterplan,dr,dogg,snoop,witta,reschedule,lis,hologram,rbx,somein,muthafuckin,muthafucker,313,gibberish,ackrite,chronic,compton,shit,eazy,timmy,choices,str,motherfuckin,fuck,doggy,nigga,doc,sch,ket,hittman,andan,nutz,blackstreet,niggas,dup,bon,bitch,yank
E-40,alcoholism,ambassador,beotch,vallejo,potnah,mannish,mayne,weedman,wid,40,yola,suga,bootch,rossi,sprinkle,tycoon,walla,fetti,git,hydraulics,earl,ayee,gouda,mossie,sheit,scrill,botch,papered,soil,elroys,thatta,taping,hillside,sic,nigga,pimpin,faulty,turf,gangsterous,ind,oooh,beatch,hort,regulation,hella,carlos,shit,hyphy,batch,mayn
Earl Sweatshirt,psyche,doms,odd,earl,earls,nak,sweatshirt,wolf,bruh,degenerate,migraine,scoffing,trashwang,piggies,netted,ritalin,danced,pendulum,lubricant,hassled,tutor,moonlight,freckles,splattered,stitched,blaring,auctioned,immigrants,errand,fucking,cattle,nahh,troll,witted,bitching,channeling,caking,gluteus,heron,pale,wolves,shouting,miley,autumn,spanking,switchblade,doobies,spliffs,regiment,payment
Eazy-E,eazy,tha,muthaphukkin,compton,nutt,yer,duz,dre,ruthless,muthafucker,ren,nutz,muthafuckers,muthafuckin,cpt,mothafuckaz,eazys,muthaphukka,playaz,doggy,kilo,tah,ket,knocc,hunnie,pranksters,cooky,wooooooo,whatta,alpine,gangsta,gta,scratched,municiple,123,aaaaah,picnics,dapper,merry,64,dogg,suburbian,wordem,indo,thugster,camino,snoop,yella,y,prankstas
Hieroglyphics,hieroglyphics,hiero,del,waitll,blackouts,hieroglyphic,maggie,soweto,oakland,tajai,imperative,remainders,inscription,pep,innovators,imhotep,mega,attendance,vibrators,boundaries,cas,interaction,methane,exercise,historys,inventive,profusely,comparable,emcees,kinetic,intricate,developing,delight,intents,renowned,fatal,stimulate,unseen,retrieve,diplomatic,stereotypical,interlocked,oracles,habitually,flotation,fluttering,dels,rekindling,enrichin,illuminating
Hodgy Beats,hodgy,pasadena,odd,dena,oooo,hb,thrash,apologize,intestines,hypebeast,fevers,bridget,wsup,gecko,grilling,mamis,anyday,mothafucka,unsure,playlist,occur,taj,differ,sized,730,tantrum,ingrained,probley,stinch,cums,toothache,inverted,odder,sayshe,cashew,scured,tylers,kar,continuum,fidgets,beaut,bluffed,palins,grater,fillies,vyron,falsetto,huts,cupid,arrows
Ice Cube,cube,lench,locs,diggi,nya,westside,popos,google,fuck,nigga,bucka,peckin,gangsta,mayne,dow,cos,khop,unleaded,central,clubbin,bitch,wc,mutha,shit,tha,ri,pyroclastic,brainless,niggas,gansta,raider,jinx,bing,tustle,berzerk,bimbos,ruff,siblings,amerikkkas,cubes,muthafuckers,bop,ice,akin,wetcha,oshea,russ,gaffled,motherfuckin,disappearin
Ice-T,syndicate,hijacked,decker,wanta,hardcore,homeboys,hunted,donald,killers,posse,larceny,carries,wheels,softly,409,seventh,central,gee,ice,islam,lapd,fuck,everlast,shit,nigga,hen,emfuck,punks,airtight,nitro,cos,players,motherfuckin,vests,requested,homeboy,ricochet,marquis,woy,riddim,posses,ammo,iceberg,illin,pusher,es,maxin,bodybag,niggas,ultimate
Kendrick Lamar,kendrick,drank,hol,oa,ironic,yawk,maad,compton,woop,rosecrans,baywatch,beeitch,hiiipower,vanity,dive,babysittin,corinthians,lamar,72,gga,poetic,hallucination,chopper,aaliyah,hieroglyphs,pirus,thirst,faded,reconnect,swimming,audemar,coyotes,frightening,vibe,coltrane,pool,sandbox,burr,eiffel,cartoons,promise,canals,resembled,jayceon,relations,alleyways,temptation,kendricks,adhd,brendas
Lil B,basedgod,hilton,nawmean,felonies,yessir,thuggin,bellamy,based,waterfront,wonton,chang,bruh,paris,taken,tiny,goon,finna,namsayin,robber,shouts,bitch,2011,ching,mindset,berkeley,racks,zips,lil,licks,grandeur,toon,mainstream,muthafuckin,chopper,horry,soulja,mane,swag,66,rawest,donald,imma,losers,mayne,spalding,honors,soup,robbing,09,beezy
Macklemore,northwest,letterhead,dependency,unicorns,castle,usa,nana,hiphop,seattle,coyote,ego,xp,romo,hella,sailing,capitol,shlong,humility,thorns,walkman,marker,attachments,privilege,faithful,mp3s,thief,sinking,awesome,14,selfish,thrift,carat,pirate,08,fringe,emos,ceiling,bowie,sexist,moments,universe,danced,consumption,vices,comforting,206,mariners,freaking,cathedral,na
MC Hammer,pray,gaining,momentum,hammer,legit,addams,yonder,headhunter,catwalk,oaktown,stiggity,rewarded,goldie,generations,hyped,hammers,wiggity,bottling,grooving,1s,mutha,sexy,fester,rump,parton,pumps,glory,stories,oakland,boomin,redman,dah,holyfield,savior,dancing,toured,bump,babes,schoolhouse,slippity,cymbals,expirin,composing,biggidy,willll,gto,percolate,bangcock,propping,babeeee
MC Ren,ren,mayday,compton,rocc,villain,coastin,hub,cpt,niggas,mothafuckaz,scientist,ause,nigga,shit,fuck,renll,concepts,rens,believed,hutch,frontline,villian,mothafuckin,ideas,millimeter,ruthless,shack,motherfuckas,thethethe,funky,axin,motherfuckin,mjg,hound,handkerchief,fuckin,bitch,frontier,motherfuckers,carryin,aside,resource,zippin,duce,439,jubee,deceivers,fools,bitches,az
Mike G,blacc,friday,werewolf,astute,pundit,callus,lavish,nicole,mist,erase,compassionate,christine,narrative,hyenas,rogue,tyler,appear,tryna,analyst,reverend,odd,entity,cycle,chaa,marksmanship,reattach,fonzy,contingency,salems,yesssss,750,bumblebees,mish,alife,firestarter,unsuspecting,tendancies,mike,montana,emma,partridges,consistency,olympian,hodgys,hosts,irresponsible,mapquest,relentlessly,charades,creampie
N.W.A.,ren,eazy,dre,dopeman,nwa,compton,yella,comptons,fk,cube,wayback,nigger,mothafuckin,tha,motherfking,mothafuckaz,dopemans,expressin,strawberry,police,coz,muthafuking,wren,dayz,fuck,motherfker,rens,mothafkin,de,ei,ruthless,iz,niggaz,wacky,alpine,awwwwww,bitch,alwayz,nwas,shit,swallowed,express,motherfkers,dup,noice,thu,qualify,kilo,appetite,slicky
Odd Future,hodgy,domo,wolf,odd,tyler,swag,jasper,cv,casey,wang,veggies,2dopeboyz,lisa,bitch,wolves,fuck,golf,inhaler,syd,clancy,balm,loiter,horny,fuckin,greatly,sweatshirt,earl,lames,travis,nigga,fucking,gang,preme,shouts,shit,storage,malaya,ensurin,muskets,klumps,fatass,berman,jergins,sagan,lettermans,meadows,customized,genesis,whiff,turnt
Schoolboy Q,chug,di,tote,q,na,brews,uuh,yawk,textin,schoolboy,hippy,cra,beez,oxycontin,continues,zoning,bruh,cycle,sexting,snooping,hiiipower,oxy,ching,groovy,quincy,niggas,ster,nigga,swag,titties,already,awwwwww,flexin,weed,guessin,chop,getter,shit,bounce,yawns,toupe,intention,minors,da,yay,figueroa,dogged,collard,pills,promises
Skee-Lo,skee,taller,crenshaw,baller,cheeseburger,impala,stairs,pounder,skeeter,hamburger,slowin,oriental,milkshake,cares,sympathy,misery,rabbit,64,lorraine,diet,smaller,beneath,lo,blt,skittle,wish,bat,mamma,salad,caused,coleman,sunday,layer,hooray,figaro,105,mookie,hatchback,110,waitin,waffles,reunited,shaw,bleachers,scat,persist,baye,yippee,mattlock,yai
Snoop Dogg,dogg,snoop,doggy,dogghouse,dpg,sensual,lbc,snoopy,deee,doggz,eastside,woof,daz,eruption,drip,gurlz,seduction,yippie,suwoop,kurupt,doggs,goldie,weee,dpgc,loc,doggfather,gangsta,cuh,fk,snoops,nigga,nate,crip,tray,mothafucker,eastsidaz,winning,bigg,motherfkin,tha,dancer,doggystyle,gz,niggas,na,shit,soopafly,pads,nephew,warren
Souls of Mischief,mischief,tajai,opio,phesto,hieroglyphics,93,hiero,phuk,snupe,limitations,souls,casual,heiroglyphics,hoz,sup,domino,oakland,surpass,stoke,arousing,educate,meditate,dosia,voluptuous,clockwork,impacts,colorless,ingesting,willed,doozy,redirect,incinerated,pizzaz,pep,reconsider,inter,postal,lindsey,greenbacks,youknowhatimsayin,breakneck,westbound,emulating,seducing,panache,axed,impending,descriptive,contention,op
Tha Dogg Pound,daz,kurupt,dogg,dpg,23s,wheelin,dpgc,tha,spokes,gangsta,gangstas,fk,doggs,nate,weighin,azz,gangstaz,dillinger,nigga,snoop,active,postin,dat,pum,poetical,cyco,bitch,gd,forgettin,niggas,motherfker,homeboys,cavi,concoct,pound,lawd,howl,iz,warren,stoplight,slipin,coastin,pussy,homies,llac,endz,hos,jus,aiyya,shit
The Game,compton,dre,unit,buddens,unot,powerhouse,colors,yayo,justo,purp,lloyd,westcoast,nigga,gga,1970,crips,bleek,impala,olivia,aftermath,niggas,fk,jayceon,california,nggas,50,eazy,snoop,banks,phantom,documentary,westside,shit,crip,dodgers,piru,ckin,chronic,bandana,hydraulics,64,niggah,aa,violin,bomaye,suge,bloods,kanye,gona,fortress
The Pharcyde,jiggaboo,downlow,fatlip,pharcyde,cyde,bootie,downstroke,farmer,yer,oui,onnn,somethins,manhood,underoos,reaped,tre,indoe,zag,moo,cmere,refrain,phar,seagull,cavin,towering,ahs,whisky,zig,otha,wantcha,flave,crawls,induce,grille,sustained,misery,ego,network,effected,clarify,everythings,backhand,silhouettes,jiggaboos,hoooooo,goyo,redesign,ragamuffin,merging,sicken
Tone Loc,uknowmsayin,medina,loc,westside,whaaa,sher,iff,behavior,medinas,sheena,funky,deputy,locs,swam,gangbangin,freaky,copasetic,yeeeaah,oes,cantina,buis,iiiiii,surveyor,humpy,ahhha,1966,kennys,schwin,locoi,fanz,hm,noooooooo,aves,dayum,spuds,engagin,ager,devastated,insanes,vaya,bikini,breaststroke,stacys,tacchini,hooter,20000,trimmin,hypeness,diaphragm,mckenzie
Too Short,hort,oakland,dit,oaktown,beyotch,dum,cootie,bitch,ditty,caint,pimpin,beotch,invasion,ant,hoes,bitches,player,sir,funk,hoe,short,players,beitch,notches,pimp,tales,ried,mackin,dawg,fuck,paints,fk,macking,shit,california,tramp,dangerous,goldy,banks,sucked,tender,pimps,foothill,incorporated,oak,muthafukin,yaht,nuthin,mack,vogues
"Tyler, the Creator",wang,slater,golf,wolf,tyler,bimmer,loiter,48,odd,haley,jasper,fucking,fuck,gnaw,salem,swag,hodgy,cowboy,preme,clancy,awkwardly,lurking,tamale,emo,raquel,domo,faggot,smacking,sams,2dopeboyz,bitch,unicorn,goblin,bubbled,axes,fuckin,hipster,kidnapping,yonkers,therapist,shit,slurpees,attacking,danielle,happiest,wolves,french,nigga,bruh,mindset
Warren G,warren,lbc,locc,nate,twinz,213,funk,ooooooo,hershey,youngstaz,dogg,malik,wats,mae,snoop,virgo,sagittarius,homeys,forgettin,eezy,loccs,regulate,gd,airborne,annie,pisces,tah,aquarius,aries,tighter,gz,violation,shack,whatchou,libra,virgin,kurupt,doggs,beach,lump,punkin,beeyatch,homey,brothas,scorpio,lumps,baghdad,g,capricorn,badass
