50 Cent,yayo,nigga,fiesta,niggas,hoooooood,shit,shi,bub,gyal,pours,boomboom,haffi,fk,rubbed,utp,aftermath,homie,clickity,soliders,nypd,na,bitch,sh,clank,fuck,southside,rains,grimey,thurr,shady,mayn,shorty,mah,obie,downfall,ur,stunt,unbutton,underdogs,fkin,lil,millionaire,wen,shawty,tha,mvp,preme,toasting,wit,sho
Aesop Rock,catapult,weathermen,bazooka,aes,makeshift,tugboat,alchemy,lucy,merit,charcoals,circling,picket,diversion,adjacent,batteries,carnival,colony,pertinent,dolls,hermit,martyrs,labor,sturdy,rickety,via,fever,rabid,brick,appleseed,demeanor,prior,polaris,remnants,barnacles,festive,grimace,surrender,talkies,harvest,walkie,crows,waddle,fevers,tends,countys,pixels,cables,tin,thorns,icicle
A$AP Rocky,trill,swag,polite,shimmy,camera,maison,jiggy,raf,purple,finna,throwed,pistol,cellphone,margiela,lockjaw,harlems,weigh,fuck,nigga,swagging,clams,lords,action,propane,wickity,simons,nast,pizzaz,trendy,codeine,jeremy,swaggin,goyard,tussin,niggas,sipping,rihanna,repping,syrup,reefer,uptown,entre,madre,bitching,harlem,drip,purest,swishers,trilla,toking
A Tribe Called Quest,applebum,bonita,segundo,i8217m,cholesterol,abstract,it8217s,don8217t,shah,lucien,phifer,rhythms,muhammad,linden,consequence,ham,dawg,that8217s,ali,tip,wallet,brothas,questin,they8217re,ab,hon,drifting,yummy,motivate,can8217t,pubic,zulu,oowop,marauders,diggi,biko,eggs,sunll,el,you8217re,wa,schemed,musically,queens,occasional,elevate,represent,diggy,nita,delectable
Beastie Boys,agh,soba,lighten,crafty,balloon,negotiate,bennie,bim,adam,quack,funky,mcas,mario,ad,mike,snappers,boomin,egg,brass,georgie,awol,girlies,drifter,monkey,beefed,hoo,manhattan,tempo,baba,mojo,ale,doon,granny,barnyard,kurds,goto,joustin,whatcha,muh,brooklyn,disco,bonanza,yee,thrusts,remote,jammy,weepin,hutton,insists,9000
Big Daddy Kane,i8217m,cee,asiatic,shane,yll,ain8217t,can8217t,demonstration,mister,whattaya,that8217s,i8217ll,jiggin,you8217re,mc8217s,tchk,kanes,it8217s,aah,nana,marl,cameo,lover,lg,operator,youe,gable,acceleration,pjs,captivate,competition,shyheim,equality,stuy,comp,whoopie,mmm,olde,dolemite,farrakhan,groove,tootie,poetically,genuine,endure,unite,pasteurize,uproar,sniffle,dictation
Big L,flamboyant,corleone,harlem,l,onnn,lennox,ls,ayyo,flam,terra,whyle,federals,biggity,kam,mvp,pal,shyheim,aiyo,skinz,hottie,shit,thickest,niggas,nuns,rampant,splitin,writ,clenched,endz,dented,entertainment,bam,ditc,skoop,snuffing,arty,flunkie,cokey,playmate,bbo,nfl,nigga,38s,punks,lynched,sl,hamper,cheesin,rudolph,coleone
Big Punisher,lah,darlin,seis,glamour,boricua,stunned,punishers,joey,lye,terror,amazingly,squaders,cuban,squad,boriqua,puns,prospect,baguetted,perrico,largest,gatling,scratched,fk,trizz,aiyyo,blah,lyricallyyou,lefrak,punishment,bronx,requires,punish,chula,joe,culo,prodigy,wherere,quotables,baffle,bubb,playahh,multiples,hydraulic,ojays,twinz,piped,niggas,stockin,batallion,soared
Black Moon,opin,bucktown,headz,buck,clik,bd,niggas,original,dee,gunn,bumrush,iz,ack,ft,ruck,fuck,bo,timberland,walt,shit,aiyo,dialect,nigga,knapsack,fap,clacked,bcc,nuzzle,waar,crooks,boot,shorty,cha,lon,finesse,brook,engulf,ruger,manifest,dred,beein,franklin,dissed,pon,yaa,danze,hardrocks,rudebwoy,script,bloodsport
Black Sheep,tiki,similak,mista,hon,lak,legion,showbiz,duration,ag,persevered,astoria,tocking,sphere,bootie,slamming,styling,positively,select,chaos,sugar,reg,wool,krill,nineties,bah,tori,huhhhhhh,yie,soliloquy,dapple,tractors,4321,wendal,meantime,jingle,finga,plop,stanley,bland,bubbling,negro,intervene,countries,bonita,gliding,expands,wickedly,container,docking,copywritten
Boogie Down Productions,diggi,tcha,productions,widdy,tings,stylee,gal,vous,kenny,bye,controls,wan,bronx,metaphysical,dong,chem,reggae,pom,cos,perk,icu,kyant,violence,parker,fi,industries,edutainment,hah,african,egyptians,poetry,they8217re,mcboo,we8217re,racist,chat,posse,it8217s,i8217m,whick,bloo,stardom,abraham,ignorance,inna,boogie,jamal,america,freddie,kam
Brand Nubian,probable,muthaphucka,sharpens,godz,cos,troublin,alamo,pu,derek,frowning,nu,grains,rochelle,borns,mystery,courtland,hut,ragtime,trusting,bubblin,maxwell,liner,everthings,introchorus,dedicate,dread,aiyyo,sincere,bye,dreadlock,wiv,mankind,x,micraphone,brand,grand,lg,battlefield,civilize,knot,eliminate,knowledge,cipher,ep,bronx,flam,treble,tock,laura,expenses
Busta Rhymes,flipmode,conglomerate,opin,yah,wildin,niggas,courvoisier,dinco,shit,rowdy,digga,aeiyo,oonu,rampage,nigga,bottoms,di,squad,cmon,grinch,goooooooo,hah,inna,lalalala,rah,yuh,arab,cha,reptar,spliff,milo,format,yup,bah,woo,laaaa,liberian,mi,bounce,ramp,mek,oooooooooooo,sham,anarchy,introoutro,marsha,bitches,wylin,dah,violator
De La Soul,meany,oodles,jenifa,aaah,oooh,buddy,jenny,lawd,de,ic,p2,os,skeezer,trugoy,paul,jody,luuden,fulltime,merc,hello,tunin,nonstop,gmc,trenches,potholes,chattanooga,whipper,beepers,native,rrrr,recording,stakes,doo,abstract,millie,pitched,padlock,daisy,saturday,peas,sung,collab,contestants,wearer,dave,contestant,posdnous,bizmark,plugs,reverand
Diddy,que,remix,peaches,dep,delivery,benjamins,112,understands,alllll,shit,harlem,youknowhatimsayin,niggas,yearning,repeat,goodfellas,pd,satisfy,wana,te,roxanne,courvoisier,yep,expression,diddys,puffy,nigga,loon,bentley,ture,cmon,nz,fk,gansta,por,iiiiiii,preciate,curl,kain,justin,goodfella,playa,spoilers,brawlers,aiyyo,combs,callers,belongs,dial,francis
Digable Planets,easin,funk,swoon,jettin,units,mecca,crooklyn,insect,butterfly,ladybug,jazz,doodle,flams,marx,creamy,nickel,plaits,joyce,norm,junk,spaces,trane,digable,dat,baggy,sundays,slicker,psychedelic,manchu,rhythms,jams,jive,boomin,fluent,sugars,insects,nappy,vibin,naps,duds,ladybugs,kamali,butterflys,felts,pestilent,blooms,cocoons,mumias,nikki,haps
DJ Jazzy Jeff & The Fresh Prince,hyped,shadow,charlie,tig,aaooww,teresa,monotony,sumthin,aaoww,uppercut,twinkle,wheelz,jj,tic,mum,numero,limo,jazzys,oowww,dj,girlie,chitty,riggidy,bettys,bel,djs,skool,deejays,toots,blinker,jeffrey,groove,psyched,literary,candlelight,jockey,pup,beatbox,transformer,astounding,goodman,ooww,mx,honked,mellie,kickin,naa,fila,cruisin,musical
DMX,arf,diggy,niggas,tiiiime,catz,grrr,shit,beee,dogs,nigga,fuck,gots,dang,gon,bloodline,fassy,kato,dogz,wha,fog,phaze,boom,cats,fk,yonkers,slugs,touchy,clubbin,ayo,aiyyo,bitches,oooohhhhh,bitch,dog,slipping,wit,nutt,summin,untouchable,x,motha,dawg,somthin,uhh,bark,cruddy,un,bouncin,blam,dm
Eve,tambourine,lovell,whistlin,bombshell,aiiyo,eves,breaka,fk,philly,ugh,drag,mimi,ryder,dogz,babygirl,guessing,shit,scorpion,woo,v,satisfaction,niggas,wcw,evey,bitches,whistle,pinned,blond,din,nitro,whiling,ain,pearls,cris,fkin,touching,chips,stallin,repeat,coz,streetz,bernie,boyfriend,bigg,trina,deliver,blondy,onget,ryderzruff,thougth
Fugees,giggles,refugees,vocab,softly,laaah,strumming,refugee,unh,reconcile,lalala,cheeba,prakazrel,ting,oooh,zealots,prazwell,rashad,zion,skippity,tronic,elec,adjusting,zen,jacques,la,brackets,fugee,recharge,ichi,jericho,haitian,armies,babylon,youknowimsayin,haitis,alors,percenter,zaire,vous,november,blunted,zsa,manifest,gab,libra,je,strummin,praswell,everythings,ay
Gang Starr,positivity,militia,steez,chumps,tons,hiney,gusto,surprisingly,devestating,primo,influential,scratches,riot,gotch,dop,betrayal,mcs,manifest,premiers,suckers,foxxx,gangstarrs,punks,escalate,jeru,jazz,lyn,theory,greg,gifted,foolproof,duelin,illest,stifle,relaxation,decree,greedier,arena,scratched,universal,conspired,soliloquy,surpass,execution,remains,bumpy,shit,faking,heavies,trife
Ghostface Killah,starks,woodrow,tush,aiyo,toney,staten,stark,ghost,delivery,youknowhatimean,ironman,maxine,stapleton,trynna,clarks,robes,fk,niggas,cappadonna,island,mattola,shit,iron,tony,fuck,bush,airbrush,chauncey,tonys,tops,trife,bangles,bicardi,mooney,greedy,wally,darts,aha,aiyyo,spades,ditty,narcs,meth,nigga,shaolin,wtc,rae,wardrobe,juks,studded
Grandmaster Flash & the Furious Five,shoo,wantcha,din,creole,gra,zodiac,cowboy,stevie,flash,scorpio,oah,ahahahaha,aiyyy,furious,mel,whoa,raheem,virgo,higher,capricorn,aquarius,repossessed,blossoms,pickpockets,rik,augustus,trainee,ha,mccoy,lovers,vanderbilt,dell,fandango,peddlers,deans,eta,panhandlers,fas,shy,ness,sez,midrange,sal,burglars,evrybody,bun,transplant,swaying,hooooooo,mambo
Grandmaster Flash,survival,dop,supernat,fastest,1987,grafitti,raah,breakers,flygirl,winners,herc,underarms,wrapped,flash,grandmasters,ramo,djs,millon,odor,birthday,breakdown,ba,mel,cutting,caddys,survive,rocked,cowboy,cuase,dusk,slightest,swirl,siege,sasson,choise,piggies,serenades,latifa,headspin,entangled,michelangelos,unitin,ghengis,grocers,glowed,arranged,annihilate,shark,drives,invitation
G-Unit,yaha,yayo,iam,nutts,tha,gggggg,nigga,soliders,ur,wan,somebooooody,fk,boyyyy,niggas,mats,bm,yousta,gggga,stunt,wen,xxxxx,niggah,shit,thang,houndin,fked,shawty,shooter,meow,stones,ment,cig,tony,ova,underdogs,buddy,wat,bitch,naggin,shells,te,southside,toaster,hummer,fuck,64,donk,gunit,herme,poinry
GZA,amplified,breaker,genius,swords,instructions,trample,cra,yugo,celebs,execs,superlogical,extorted,steels,currents,abstract,shogun,errors,basic,removed,sample,producers,duel,mcing,arctic,fk,lively,energized,shovels,rodriguez,shams,explored,vessel,mcs,shatter,hebrew,crunchy,chiefs,toucan,rec,processing,asserted,imi,panes,wisp,amputator,shadowboxin,perferred,ftf,saltwater,wallowed
Immortal Technique,revolutionary,que,revolution,countries,goonies,mierda,democracy,harlem,3rd,martyr,resources,corporate,aztec,homeland,corporations,paramilitary,terrorists,government,laden,latino,overthrow,gente,stronghold,america,propaganda,cia,economic,funded,racist,lantern,slavery,conservative,mythology,revolucion,socialist,guerrilla,warfare,freedom,glittering,manufactured,monetary,noriega,political,psychology,iraq,pharoahe,rampant,revolutionaries,terrorism,culture
Inspectah Deck,rec,brothaz,ins,staten,siny,rebel,10304,uncontrolled,plo,sos,darts,fisk,terminology,femme,echoin,writes,scratcher,thell,shaolin,donnie,toxi,aiyo,bloodsport,specialist,clansman,asia,stereotype,sword,gritty,medallions,killa,highness,growl,enforcin,invent,restore,nursed,manhattan,thrower,chea,urban,lootin,trynna,streetlife,2009,champion,metro,stinger,ayatollah,fierce
Jadakiss,ns,mmwwaa,champ,peachy,muah,fuc,bubba,sullivan,handlers,doped,raspy,niggas,gunsll,jasmine,cruisin,crispy,keen,torture,extort,un,author,confiscate,nigga,justification,pushers,wit,shit,hangover,violatin,louch,hoods,contr,methadone,whomp,shine,dutch,downright,blatantly,tonights,nicks,hawk,rs,ai,tchka,trillion,anthems,gon,tres,overpowers,trackmasters
Ja Rule,inc,murda,vita,begotten,mpire,niggas,murdera,nigga,sy,murdah,irv,murderers,tha,treez,meanz,gotti,ohhhh,bitches,leo,fuck,slugz,doggz,murder,shit,demise,fk,murderas,wit,caller,feared,slugs,holla,takinem,hoodstock,mys,ig,reign,ashanti,haha,btch,bitch,tah,gunz,gangstas,lonely,da,babyyy,ohhh,murderous,windsheild
Jay-Z,roc,jigga,swagga,izz,ody,bleek,marcy,gi,geyeah,sigel,ide,ge,fella,brooklyn,hova,memph,missing,99,naz,amil,jaz,uhh,jockin,tomarrow,nggaz,ri,niggas,lalala,ke,mamis,nigga,mami,hustler,geah,beanie,shit,bah,hunnid,praising,thoo,shawn,neef,bach,paging,bounce,fuck,adi,carter,hovah,holla
Jedi Mind Tricks,hologram,blanked,probes,dd,pagans,terrestrial,allah,cerebral,suf,esoteric,pharaohs,ancient,verbal,elohim,tibetan,pharaoh,overstand,portals,colony,disagreeable,torture,backless,spiritual,divine,dimensions,spawned,fluke,galaxy,particles,adored,pharoah,communion,beings,outerspace,ominous,illadelph,priest,judas,mortals,cathedral,dumbin,celestial,chines,heyo,ezekiel,kimet,allahs,scientifical,transmit,discover
Jungle Brothers,jimbrowski,meany,jbeez,woh,freakin,dina,sammy,beeds,drivin,buddy,recess,dready,yawl,brothers,yie,jimmy,beez,native,scats,kangaroos,funky,vibes,bam,hut,bra,zigga,usage,ultramagnetic,ahhh,prophesized,tribes,yippee,posdnous,blight,treetop,kalled,mike,marryin,ritual,vine,vibe,jb,sh,intrusion,slitting,vip,motherland,monie,incredibly,wooh
Kid Cudi,nite,wylin,hooo,stoner,trippy,wowie,lanes,cleveland,runaway,yeaaaah,loner,aite,maui,zonin,wherell,switchin,na,afterwards,unfuckwittable,ew,eww,oooh,galactic,duper,nanananananana,lalala,lonely,floating,rager,yammin,whoa,hazy,whoaa,leaner,solar,maniac,whoooa,uck,goneee,x3,worries,soundtrack,salutations,honolulu,helpful,motherfucka,cus,bape,intriguing,4get
Kool G Rap,giancana,censored,cakes,headcrack,bosss,underworld,gotsta,executioner,jakes,tec,sidewalks,cider,quoti,jan,widow,niggas,shit,cee,queens,operations,coroners,nigga,fort,slugs,nore,cana,skylights,youuuuuuu,xi,honory,pledgin,quot,boons,barcaleno,wig,copping,mines,pap,ta,clicks,bgf,grandest,sables,magnifico,electrocution,costello,rons,feeler,skyscrape,snapshots
Kool Keith,na,blackula,dibble,truckers,buttcrack,defecate,panties,125th,morgue,maxin,balmer,gto,dabble,intruder,santiago,sa,octagon,27,ampex,blam,esham,director,backpacks,thongs,beee,pontiac,14th,urinate,clifton,defecation,dorados,alligators,photographer,mane,bodyguards,bronx,spaceships,promoter,asscrack,piss,lingerie,greyhound,turnpike,tampax,saucers,doodoo,diesel,basketball,meee,robots
KRS-One,overseer,reigns,vroom,bogle,bronx,edutainment,survivin,freee,simone,lyric,rita,consciousness,culture,teacher,metaphysical,unify,hoppers,bap,blaow,de,democracy,efx,ahhhhhhhhhh,inebriated,spiritual,unity,server,uhh,mc,temple,mcs,anita,gwan,pout,replied,eee,knowledge,teachin,lyrical,strivin,woop,factual,awareness,bink,das,philosophy,philosophers,dee,underground,kenny
Kurtis Blow,aj,basketball,ruled,daydreamin,yeahh,transformers,bronx,slaving,breaks,employed,stere,pearls,showdown,boogie,overtime,stranger,cheered,vicki,annoyed,blues,fancy,awright,wilt,guitar,stories,brakes,clocks,sleigh,limousine,bricklayer,timbales,casanovas,cpa,razz,wilkins,bambaatta,someplace,clop,umpires,complicatin,babyyyyyyy,vickis,sureshot,shonuff,fannie,timess,chalet,diamons,halston,agony
Lauryn Hill,pom,romp,guantanamera,jerusalem,intentional,mera,joyful,guan,tana,conquering,pa,matters,deception,inequity,skribble,social,thy,reciprocity,owed,gladness,thee,yuh,theyve,freedom,sparrow,oahh,meeee,traditions,watches,majority,standard,obligation,thine,meeeeeee,realizing,desperately,drum,sweetest,eee,giver,harms,victory,inspire,loving,trough,rainbow,gratis,housetop,sincera,crecen
Lil' Kim,peeved,ceas,vivrant,dut,heartbreaker,whoa,lil,mwah,licks,toppa,toot,fk,ich,benzino,beehive,bitch,kimmy,respirator,peaches,guna,nz,marmalade,junior,kims,download,lighters,pam,niggas,sumin,shanice,realms,shit,audacity,bella,coucher,jaguar,patron,brooklyn,stuy,gal,waan,mmm,french,rkelly,fked,tahiti,qb,gangsta,pa,lingerie
LL Cool J,diggy,farmers,motherland,buckin,relic,todd,jlo,goat,hollis,queens,funkadelic,sprung,und,uhh,ynahmean,loungin,thatcha,milky,bells,lls,clowin,heartbeat,fatty,nicht,cobbler,yknowimsayin,le,aeiyo,funky,niggy,hush,ls,l,youknowimsayin,whoooo,boulevard,jinglin,diggedy,knowimsayin,dontcha,whassup,smith,canibus,ole,creators,march,cos,gotts,rougher,anutha
Mary J. Blige,kn,searching,whoa,skycap,whatsup,confrontation,pms,411,breakthrough,ooh,marys,waterfalls,mending,mjb,someday,tra,rainy,loving,sincerity,asunder,perculatin,babe,hun,realy,valentines,shines,memories,flying,testimony,hmmm,hateration,rainbows,nowhere,stronger,someone,lifetime,changes,satisfied,ohhhh,meantime,whenever,unto,heyy,complete,nono,ooooh,joy,deny,vu,dejavu
Mase,twyla,harlem,stase,huddy,hud,meeno,betha,loon,becky,cuda,gina,teamsters,cardan,ohyeah,whoooa,prettiest,julie,worldll,gatts,mamacita,fk,niggas,blinky,nigga,rolley,suave,cancun,wit,suvs,700,chimney,carriage,mysonne,waive,droll,evrybody,motherfker,repeat,bethas,arraign,puffy,cris,z3,gonn,imma,stretch,chu,slash,cats,izzy
Masta Killa,ding,allah,chika,deh,reknowned,arief,sworn,mantis,tilden,craftsman,gath,trynna,salam,shamel,justice,dart,compromisin,pussyhole,shaolin,verrazano,nursin,lafayette,informer,crafted,brooklyn,bloodstream,coughs,chivalry,canteen,imports,ba,toney,nook,lohan,akbar,darts,killa,agreed,silverback,cavalry,iron,grasp,assumption,universe,calculated,duh,stimulated,housing,chicka,cozy
MC Lyte,ruffneck,positively,lola,deejay,ficky,ain,absolutely,dopest,mc,brooklyn,logics,momll,90s,georgie,hoppers,enlarge,porgie,anna,climbers,poom,companion,coz,y,roseanne,sam,fk,squish,female,libra,fooled,hypin,ruffnecks,rickys,sagitarius,druglord,cram,thus,crowbar,parkay,boredom,clawin,bango,picturesque,twine,oopsy,bubblebath,dapped,tisk,virgo,fess
Meek Mill,paulie,levels,liv,bieber,maybach,rozay,muf,gametime,blap,kings,tryna,shawty,downn,miley,mufuckin,ckin,nigga,niggas,youngin,cyrus,nigger,balling,boss,justin,benji,racks,kony,carlo,tonys,yeaa,mmg,757,bitch,shit,monte,rolly,heared,birkin,milly,ck,spitter,vogues,swag,toasts,waiter,panamera,hammers,duffle,doa,backboard
Method Man,tical,meth,plo,staten,gilla,yameen,fisk,shaolin,aka,studd,torture,carlton,trynna,johnny,stat,verrazano,armaggedeon,niggas,streetlife,squealing,teasin,aiyo,stimulation,aiy,mcgirt,trout,chambers,judgement,billing,ruckus,killa,dolemite,resevoir,owls,lasting,shit,fuck,stimuli,blaow,nigga,elect,countdown,sword,bredren,lung,headset,ringed,petrified,buddha,vs
Mobb Deep,infamous,dunn,queensbridge,thun,41st,qbc,havoc,qb,prodigy,duns,hav,niggas,abouts,shit,queens,dun,nigga,cowardly,dunns,bent,hallways,slugs,muzik,fk,halfway,aiyyo,fuck,killt,hectic,muzak,clapped,numerous,shook,heyyyy,alchemist,guns,cmere,project,p,knowhatimsayin,clink,rottin,nuns,shorty,crooks,mines,billas,memorise,ej,believes
Mos Def,undeniable,mau,unite,bah,claro,cav,simmer,brooklyn,dante,dah,blak,ecstatic,boogieman,ge,ahs,ir,incline,whoahhhh,katrina,hurricane,flaco,magnetic,pharoahe,understandin,booka,cyclical,travellin,oasis,illusions,ces,umi,bismillah,sugar,stuy,speedin,radiate,blackstar,sufferers,hidin,boogie,universal,weee,womp,diallo,licensed,behaved,officially,fabulous,images,compassionate
Nas,chie,disciple,wally,queensbridge,oo,bravehearts,qb,dumbs,braveheart,ruled,escobar,niggas,esco,nasir,nastradamus,illmatic,thiefs,shan,gga,thugz,virgo,jung,gangsters,queens,prisoners,qbc,chacun,nasll,olu,shit,hott,mega,extended,colours,nass,41st,mn,shotz,bravehearted,dunn,nigga,cormega,firm,beemers,understandable,brazilian,foxy,project,cigars,snorkels
Naughty By Nature,opp,illtown,dadi,ladi,craziest,cos,ohhhh,hooray,neighbourhood,webber,fk,klick,118,poom,shrinkin,potato,kitten,rottin,mourn,beelow,naughtys,rhymell,connections,gones,pss,drifter,motherfkin,wickedest,mook,kaygee,bruisin,tippy,aphrodite,hennys,ta,motherfkers,spangler,adulthood,overtones,mercifully,kow,newark,jump,iss,witha,hustlers,shivers,pertained,tatt,witta
Nicki Minaj,raah,roman,dungeon,barbie,dutty,sw,voom,dragon,shitted,na,rah,blazin,gyal,icecream,beez,dominoes,mu,gudda,endorse,mi,yooo,thus,lewinsky,ling,bitches,monroe,roger,cupids,eh,typo,tossed,cone,handstand,yen,lollipop,haffi,wen,flyer,ba,knockout,holiday,silencing,groan,shawty,li,marilyn,replay,starships,boom,nick
The Notorious B.I.G.,dinin,playahh,winin,uhh,unbelievable,clicks,icu,tote,shit,biggies,btch,downfall,motherfuckers,sidekicks,niggas,poppa,nias,fuck,nigga,gonja,frank,pressin,hooker,wiggity,squeeze,rum,habits,brooklyn,juggle,illest,duets,gat,fuckin,junior,bitch,hypnotize,fckin,clits,2006,blunts,flashy,winbush,ih,baka,cees,gall,rockaway,loungin,witcha,consignment
Ol' Dirty Bastard,za,rawww,ason,zz,mcgirt,zoo,duh,nuh,stinkin,shimmy,su,roc,ticklin,taping,zu,sniffs,brooklyn,hut,clang,joni,funkier,dirt,dun,ralphie,sik,blaaow,dirty,yi,jon,icp,goodies,dnn,aspired,meeno,powerfully,illlll,cleverest,resound,superlogical,stickball,ammonia,gab,cunningham,knowimsayin,opie,ruffer,chub,osirus,doo,specialty
Public Enemy,niga,swindlers,phisticated,revolutions,coincidence,33,terminator,solutions,revelations,madd,allright,unstoppable,bedlam,whatcha,terrordome,agent,terminators,huahh,cointel,iz,politics,dat,crayola,baaaaaad,bluntz,lookout,lemme,cracka,revelation,cmon,stax,louies,truss,hardcore,racism,defy,governments,revolution,rebel,iii,afternoon,13,s1s,sgt,miuzi,haves,believes,gatt,cia,corrupt
Q-Tip,bom,vivrant,meany,chu,hooking,abstract,de,thus,buddy,tonite,ummah,saadiq,slighted,corretta,consummate,raphael,loving,hideaways,grumpy,lull,fighting,funkmaster,nooks,infidel,uninvited,kamal,sprits,jibs,certainly,rung,hasty,fraternity,easier,belief,looky,chivalry,intertwine,duds,thangin,leaguers,coos,distinctive,corridors,contend,kennedys,mixes,scavengers,greasing,coral,conspiracies
Queen Latifah,merrily,badness,cue,joined,travlin,pom,brightens,elements,positivity,sweethearts,strutting,likkle,wrath,plex,weeping,gladness,overjoyed,whatsoever,ramsey,huff,cooling,among,creme,affliction,georgia,command,monie,willow,swoll,simply,enable,winters,composures,insain,wis,uncrowned,goy,reverie,45,bowl,specimen,conversating,desperately,stereotypes,oooh,infinity,quoting,systematically,expands,premisis
Raekwon,shaolin,rae,chef,aiyo,shallah,youknowhatimsayin,caramel,niggas,youknowhatimsaying,linx,pecan,starks,knowhatimsayin,yae,hil,shit,clarks,scarfaces,sundaes,mailing,lex,cuban,duh,jakes,yaknowhatimsayin,fudge,fuck,nigga,politic,yal,ditto,twirl,unconquerable,swade,staircases,ghana,poisonous,french,eh,deluxe,whattup,aiyyo,salvation,staten,allah,rugers,incarcerated,son,undaground,boating
Rakim,ra,persuasive,allah,tengo,punish,militia,spontaneous,barrington,yknow,boldest,contagious,scenes,allahs,anxious,dubar,porque,soloist,universe,levy,guessin,tu,visual,naw,returns,yaknahmean,cama,existed,si,rotated,harnesses,streetll,knowledging,proteins,inorganic,solids,pages,radiate,ist,bis,maximum,te,organic,individuals,timeless,mirages,amazons,skylines,theoretical,misma,networking
Redman,gilla,doc,muh,doggz,dirrty,coc,ppp,funk,funkadelic,meth,gorillaz,reggie,bak,newark,brick,fucka,luva,tical,spock,erick,aiyyo,jerz,darkside,wa,youuuuu,stalk,blaow,pancake,noble,cosmic,jersey,knotty,unruly,murray,bricks,sermon,dat,gorilla,fuck,treez,lod,alota,shit,chickenhead,malpractice,stinkin,mutherfker,muhfucka,boogee,barks
Run-D.M.C.,tricky,hollis,tr,adidas,devestating,jammin,jam,riff,perfection,dabba,beatboxing,guitar,queens,stiggidy,rev,gina,illin,afros,dmcs,master,liggy,simmons,homeboy,tougher,ave,jays,pause,ahhh,whoo,ruler,dum,84,depths,runs,nooooooo,jims,lama,1983,jmj,galore,nimble,sucker,tengo,djs,dephts,lends,recital,mecca,ducked,kings
Salt-N-Pepa,mario,shoop,doop,denton,syncopated,noises,gamin,independent,oooo,salts,somma,ba,somebodys,cher,hurb,sandy,deffer,sexy,peps,mixboard,nerves,turntable,doper,stepper,empress,hurby,fella,hyped,tramp,drumroll,postive,irritation,automation,grandmasters,whoe,sadder,putt,gitty,disturbed,express,pertained,cuz,roper,poom,spends,deserve,salty,negro,groove,magic
Schoolly D,cheeba,filas,aqua,lleyo,deejays,psk,didja,gangbanger,badass,teens,whitey,zula,catcha,haired,blackman,prankster,towin,nigger,sometime,plumber,kitches,coqui,gankin,faggot,suckah,baa,code,gased,cs,girlies,hummin,dusted,muthafucka,brotherman,sis,ladi,gramps,nighty,ehm,submerge,uneducated,swigger,funky,popcorn,supernatural,muthafuckin,sucker,caine,filler,lynn
Slick Rick,withdrew,doug,davy,scooby,shay,hiya,vance,dooby,ruler,advisor,ditty,enforces,gosh,scratched,depart,hon,alonell,ported,although,darn,divorces,crockett,accumulating,doo,nonell,lalalala,di,firmament,gable,trifer,saltin,snooping,embarassment,dishonest,faultin,datty,pullers,girlie,octopus,kit,tenderloin,flirts,fume,patch,finds,pharoahes,hooker,cetera,frontier,deploy
Styles P,ohhhhh,kite,holiday,ghost,niggas,dutch,ohhhhhhhhhhhhhhh,nigga,paniro,tes,haze,iam,styles,fy,kon,shit,gentleman,gangster,akon,sacrafice,mario,p,louch,gnac,ryder,fuck,whoaaaa,piff,erybody,hawk,highhhh,poring,conway,ohhhhhhhhhhhhh,pinero,fired,oughta,dutchie,message,airs,whaddup,vinny,handgun,gary,dealin,muhfuckers,az,hippies,geyeah,konvict
Talib Kweli,clak,blacksmith,bah,kwe,dah,rainbows,offa,deliver,ro,yoyoyo,rawkus,th,eardrum,ghet,ichiban,abdominal,cloak,brooklyn,maaaaaaaaan,grae,revolution,millionaire,navigate,tek,amazin,soundbombing,blackstar,cousins,ture,pa,avery,revolutions,consumers,reflection,freedoms,pharoahe,jean,bizarre,carefree,nawimsayin,spiritual,flatbush,yup,shit,3rd,niggas,lockin,bk,hesitation,voiceless
The Diplomats,aiyoo,freeky,taliban,killa,zeek,byrd,suttin,rowdy,aiite,jones,jr,sandles,diplomat,dips,revoir,harlem,40th,145th,channels,hustla,immunity,diplomatic,capo,movements,roc,whoadie,platt,cinnamin,muchacho,bounce,dip,clocking,gangstas,papo,whant,oozies,harlems,adios,movement,lennox,handles,sequal,slaughters,sas,au,stuntin,shaft,ma,clockwise,woah
The LOX,fooled,louch,niggas,koochie,wuz,jenny,paniro,fk,poppa,sill,vipe,mmwwaa,luch,envolved,arf,keenen,pringle,shit,tightened,mommies,styles,tha,optimum,furnish,wha,porche,videotape,fking,lb,yonkers,hunnies,chall,ayo,wit,shelltops,setchu,bakeries,dilinger,cocksucker,hugh,nutin,jiggy,copping,nigga,mississippi,wayans,override,rinsed,tentacle,carrero
The Roots,zen,riq,grits,mm,tha,illadelph,bop,complexity,illadel,leonard,objects,popcorn,philly,stimulatin,phila,riddlin,mellow,straighten,hus,mommys,illa,lighter,dynasty,tant,lovely,lighthouse,heh,travolta,contents,sherrif,bahamadia,wop,blah,essay,groovy,silently,aiyyo,crumbs,square,proceed,treatment,phi,getters,illi,yamean,dancehall,lyrically,abstract,tro,neglecting
RZA,digi,boing,bobby,dans,qui,les,pas,lui,cest,digital,bza,le,et,comme,je,ich,tout,analog,shaolin,que,rhumba,hoodrat,bby,jai,du,une,swords,gros,sexcapades,sur,sword,esta,zig,tuh,trop,moi,nicht,chacun,faut,ett,en,jag,nous,wie,shhh,sommers,tibbs,allah,au,iam
The Sugarhill Gang,dang,hippie,lover,diggy,boogie,kemosabi,hank,ysee,chicka,hah,di,motel,helluva,dibbie,ahhahaha,squaws,whistle,viciously,buttered,throwdown,delight,kays,pow,spankin,boppa,yooooo,ello,youme,sasoons,mocassin,hahs,ahahahah,rhythm,haa,hoo,definite,custer,kaopectate,farrah,scoobie,fawcett,hoppa,inn,ah,function,imp,cassanova,hippa,reporter,oj
U-God,hillside,kj,inf,vets,warrior,shaolin,devious,supa,scramblers,golden,brah,livewire,cries,swell,crumbling,mothafka,spines,bonified,techno,unfolded,conivers,fergusons,flusty,acapell,hatching,stumpin,hatchin,staten,jody,pleasure,redemption,chippin,nothins,trynna,lane,ratchets,copters,bandaged,sharpshooter,halley,battlestar,dusty,sponge,ruck,showers,36,uey,leatha,prophecys,wreckless
Wale,moscato,snapback,shawty,flyer,pposed,ballin,roscoe,foamposites,pg,ambition,rotation,dc,satisfactions,dmv,existing,vanity,clappers,gga,tryna,ggas,sabotage,alaykum,salamu,trance,nike,yuh,lyk,lebrons,jordans,seinfeld,blocka,effort,endure,homer,mmg,aahs,ck,contemplate,nigga,spikes,niggas,bittersweet,youuuuuu,bakin,beee,anyways,resented,stroke,blunts,shit
Will Smith,summertime,swagga,tra,nod,nana,jaden,charlie,knox,millennium,unwind,heyyyyyy,mib,deejays,jiggy,transformer,shadow,da,waz,limo,deejay,alpine,na,hype,besito,gizz,mellie,digga,defenders,yi,tig,bettys,bedsty,nuthin,suits,cruisin,ra,potna,willow,bouncin,twinkle,jj,jl,aaooww,loretta,dj,theresa,philly,owwww,bans,hyped
Wiz Khalifa,moola,taylor,guap,feddy,errday,ggas,gga,medicated,pittsburgh,ink,kush,swag,purp,planes,yeeaaa,shawty,wizzle,spitta,gang,nigguh,smoking,tryna,doobies,taylors,weed,widers,champagne,hoes,grind,niggas,cus,youngn,ck,plane,yellow,accapella,yeaa,hella,drift,taylored,yup,dank,repping,shit,clicquot,youngin,ziploc,chu,homocide,ohhhh
Wu-Tang Clan,pum,clack,gunll,shaolin,meth,ich,boxcutter,acabo,ruckus,sword,rae,dnn,youknowhatimean,deini,slum,niggas,plo,allahs,tical,und,yourz,embry,chao,killa,aiyyo,yaknowhatimsayin,wallys,swarm,click,darts,oshkosh,shit,poi,rum,cypher,geniusgza,killarmy,36th,bethlehem,jah,apb,vocab,pu,euch,hoeeeee,shallah,steels,zig,glaciers,fuck
Wyclef Jean,oui,ou,nan,pou,oa,yon,gen,diallo,bidi,refugee,bleu,ng,moun,lan,si,se,guantanamera,suk,li,qui,refugees,zam,pa,pas,bom,rouge,quand,masquerade,et,pjs,gens,carnival,sa,elected,di,jean,te,dippy,november,ki,huhhh,cri,fugee,china,mera,dong,pase,woy,sou,guan
"Big Sean,",leone,guap,ambiguous,mula,sierra,closet,stunting,errthang,threesome,ck,hallelujah,chardonnay,muthafucker,shouldve,ablaze,tch,gga,workaholic,bloop,wobble,finna,prez,cking,bittersweet,tryna,vacay,boldy,gaye,fck,detroit,bullshittin,cka,dividing,goddamned,switched,wrongs,401k,ggas,bitch,airhead,getcha,imma,iiiii,ff,errybody,ye,drowsy,honestly,shit,ur
Bone Thugs-N-Harmony,krayzie,layzie,bizzy,murda,thugstas,clair,ruggish,thuggish,cleveland,thugsta,pap,trues,mo,tha,weedman,nigga,wid,thuggin,rott,niggas,ouija,playa,hation,buckin,killa,ia,redrum,fk,souljah,milimeter,crossroads,guage,flesh,bailin,gauge,scrapping,yahweh,killas,leatherface,getcha,beelzebub,bloody,smug,clog,warriors,buck,wasteland,itz,felecia,po
Bow Wow,yippie,shawty,kno,wooo,hooo,wizzle,floo,stuntin,moss,flirt,patna,shad,ymcmb,ohio,g3,gurl,lossing,wizzles,soulja,bw,ck,irresistible,columbus,lamborgini,nanana,shawtie,crunk,lamborghini,uhu,needa,tryina,wows,riddin,lb,lambo,wat,celebrations,bt,bla,playboy,bedroom,sod,stunt,cmb,paddy,lil,saddle,ova,homie,shortie
Chance the Rapper,na,zan,cigarettes,cocoa,druggy,fritz,scummy,hoodies,kisses,bino,hubby,igh,acid,dank,paranoia,juice,woodgrain,lickety,stank,tagging,motha,jam,gripping,wiley,cheeses,pitter,muh,chauffeurs,weighted,butter,satin,patter,lowkey,potty,lucy,nitty,suspended,everythings,ken,dripping,bennett,buenos,twerk,bummy,samuel,goodbyes,ooh,nobodys,yelling,addicted
Chingy,thurr,gurlz,gushy,holidae,cass,git,hurr,clubbin,gib,herre,neeeeed,herr,stickshift,stirr,lemme,numbered,tha,yahh,26s,yu,stl,daum,ling,18s,dtp,superhero,ching,flo,husslin,crome,platta,dizzle,dirrty,leading,friendsand,mah,jackpot,curr,shellz,shhh,swag,490,lettting,othas,ratin,louis,ditches,representin,ooo,partied
Common,erotica,alllllll,digga,dang,looooong,assata,canibus,allllll,suga,heidi,blooded,questions,yoo,faithful,thelonious,studs,doo,misunderstood,squared,bilal,luh,travelin,microphonist,gis,cbs,chi,69,ca,chicago,loneliness,broads,gramps,frantic,meeny,poetrys,rugged,enlight,mountin,accuse,144,unh,ohhh,petey,rashid,commons,hawks,spooked,zsa,chicka,shit
D12,kuniva,bizarre,bugz,kon,instigator,artis,kum,swifty,dozen,pitts,feudin,compares,denaun,salsa,obie,fuck,barbershop,mcvay,lootin,somein,shit,downers,uppers,trice,bitch,whoevers,obies,pyscho,bizzy,pills,detroit,weaponry,weapons,runyon,andrews,rondell,mushroom,mcveigh,brigade,tit,carcus,fuckers,derelicts,dawg,unfit,band,shady,egotistic,nitwit,slugs
Eminem,hailie,shady,obie,chika,chiki,shadys,slim,chicka,313,denaun,trice,amityville,maxine,shit,fuck,dah,murda,trailer,dum,fack,bagpipes,goodbye,valium,superman,uncontrollably,mushrooms,trailor,aftermath,kyu,bitch,susan,detroit,puke,slit,eon,murray,accidentally,fk,fucking,doc,stan,dungeon,slut,deshaun,zip,cum,dee,rah,ur,shrooms
J Dilla,hut,simpson,mcnasty,ghe,tto,crushin,detroit,termanology,ifeel,uggh,uhh,frank,kat,dank,numerology,enslavin,tigga,ohhhh,pete,scratched,aaa,vil,dee,nitty,beeda,humm,flynn,whattup,echoes,somn,alfa,specialized,bellys,souffle,rasheed,yup,deezy,wildstyle,nick,shores,wobbly,stimulatin,beet,niggas,economy,shit,monogamy,seasoning,easin,leno
Kanye West,gwaan,bah,whack,roc,igh,amazing,lockdown,chi,dah,workout,graveshift,ye,ggas,phi,gga,ck,weeping,ridiculous,dior,apollonia,flashing,la,kanyeezy,heartless,bittersweet,digger,isotoners,whoaa,timeless,mourning,vuitton,vandross,aiiyo,robocop,extravaganza,edward,bizzerk,li,kan,spaceship,shit,sum,lambo,homie,izzo,sh,ra,douchebags,eag,goodbyes
Lupe Fiasco,coolest,gadget,intruder,donor,halos,hydraulic,hello,experiment,hustla,midwest,meanest,paused,barge,lus,flapping,tha,aiyy,cornel,hustlas,ff,nigas,uncool,ital,wut,weapon,brim,wide,lamborghini,beamin,cleanest,fiendish,niggs,greasy,rawlings,fiascos,starry,slr,dangers,sympathy,chicago,oblivion,scars,misunderstood,gota,sideways,47s,genious,switch,muhammad,hustlaz
Nelly,andele,massachusetts,zoop,ei,ohhhhhhhhhhhhhh,shawty,maryland,derrty,liv,tics,erynight,lunatics,thicky,shimmy,icey,herre,ey,whoop,ciroc,eh,lawd,iz,tippin,hurr,vokal,na,murph,layd,errtime,spiffy,mami,murphy,5000,dontcha,lemonade,midwest,100k,merry,yaseewhatimsayin,cookie,digit,buh,st,applebottom,nel,foreva,mon,louis,couse,pa
Twista,hopeful,tung,mobsta,tha,mobstas,badunkadunk,liffy,chi,w,legit,ballaz,stalone,stokes,twork,elites,wick,bogus,birthday,fes,dro,ballers,nigga,scummy,jihad,bennie,mob,2012,hoe,na,funky,24s,shit,twistas,hypes,lyrical,onnnn,shawty,yaah,niggas,midwest,bucked,vandross,finna,fk,rhythm,rodey,balla,hussle,alright,playa
2 Chainz,agra,yuck,extremely,mane,countdown,strippers,luv,realest,dawg,slanging,rubberbands,ee,vi,mein,ye,choppa,youtube,ko,plethora,whiffing,pitching,tity,shawty,birthday,36,bunkin,twerk,employee,riot,trap,muhfucking,southside,cannonball,stunt,oz,codeine,snakeskin,ceiling,chopper,soda,fork,ridin,mothafucka,wattup,nigga,styrofoam,tunechi,alexis,peddler,dancefloor
2 Live Crew,marquis,mixx,ch,luke,martinez,sucky,hoochie,bch,skeet,pus,wah,bart,puy,sy,li,aaight,banned,punani,usa,doo,whew,kisha,booty,fuck,monica,juanita,pussy,dk,sally,lukes,medusa,heeeere,skyywalker,yakety,pussys,dominating,psk,hilary,etc,bitch,dick,heyy,heyyy,dum,vert,demonstrating,raggedy,alum,opa,yass
Arrested Development,dreads,wendal,serpent,raining,revolution,wag,honeymoon,dawn,washed,prays,fishin,headliner,sistas,snazzy,mamas,persons,religion,allowing,horseshoes,africas,pebble,resides,altar,tennessee,kwesi,consciously,shore,forgiving,oceans,uncertainty,thrusted,conscious,acres,landlord,natural,relinquish,brotha,baba,guided,yaah,bol,kneelin,political,passive,minding,probally,development,shores,baptist,enhances
Big K.R.I.T.,rotating,chugga,sub,tires,sprinkling,eq,2000,coated,lows,highs,swirl,shinning,thirsting,slamming,300,reclining,folk,drawing,reminiscence,zac,gripping,bowling,locomotive,choo,compelling,claims,chop,machine,ck,someday,slab,dreamin,marinate,shawty,mississippi,hometown,inbetween,neva,overlooked,stomping,olds,doubters,sacrificed,grain,overqualified,motherly,confucius,acl,fuchsia,flashier
Chamillionaire,chamillitary,koopa,chamillion,mixtape,mayne,messiah,tippin,swangs,cham,swishahouse,throwed,mayn,cand,gyeah,fif,revenge,lizard,texas,creepin,mixtapes,dike,ehh,smallz,swangers,plex,murda,slab,4s,fasho,houston,screens,lac,screwed,na,thoed,screw,trill,tryna,whoooa,ridin,hol,oppurtunity,swang,tha,slowed,biness,someing,gripping,gimmick,coated
Childish Gambino,betchya,oakland,hoodie,glover,ucla,needed,andrew,weird,indie,rainbows,donald,whiskey,culdesac,facebook,elroy,recluse,hipster,shit,asian,iphone,phat,ebola,heartbeat,nerdy,apc,fey,smarty,hollerin,swag,fuck,swagger,snacks,turds,reference,brrrr,bambino,mapquest,flier,rihanna,sunshine,texting,backpacker,saturn,asthmatic,turd,clockers,grind,darling,online,dudes
Clipse,trak,yuh,kis,malice,hmmm,mek,di,neptunes,grindin,cot,na,cha,snitching,kardinal,gangstafied,whatcha,blah,unfamiliar,mi,trill,malicious,din,lalalalalalalalalala,inna,definin,champion,lining,hoooo,cl,pharreal,virginia,ultimate,counseling,va,sposta,liva,virginias,pharrell,twinkie,par,mueller,popeyes,sl,ka,ma,tryna,nigga,obnoxious,tought,rims
Geto Boys,bushwick,muthafuckas,fk,willie,motherfkin,ward,wuz,muthafkin,facemob,shay,motherfkers,motherfuckin,motherfker,shit,whassup,5th,niggas,nigga,fuck,assassin,ge,mutherfuckin,bitch,goddamn,fkin,muthafkas,ba,judicial,lunatic,brad,wut,mayn,sheila,wunt,motherfuckers,hoe,muthafuckin,gangsta,bitches,kkk,niggero,muthafka,goddamned,ganksta,johny,muthafucka,cos,tat,flies,politicians
Goodie Mob,inshallah,swats,wid,fie,southwest,damm,shawty,sexual,tha,beavers,fiesta,nigger,instinct,everythang,trill,moma,cutty,peekin,atlantas,khujo,ild,obligations,pallbearer,godly,chocolate,clampett,flutes,mo,marietta,martinique,crappin,mothering,fashioned,mundo,squeal,ghetto,bankhead,una,chu,dungeon,unscathed,cascade,hots,limitations,touched,cee,brigettes,calhoun,chryslers,indulged
J. Cole,gga,ggas,ville,sh,disgusting,ck,carolina,runaway,cking,trynna,niggs,tryna,farewell,nigga,niggas,yea,shit,finna,simba,ey,chaining,dolla,hollin,trailer,elite,dadada,nc,dat,hoes,n,hoopin,sinner,nigg,bitch,ay,idols,therapist,purdy,stairwell,shawty,fuck,daddys,f,aye,lebron,muthaf,splurged,letting,paintin,discussing
Jermaine Dupri,confessions,na,montreal,ooooooooooh,monin,getcha,hardball,chi,bally,supafly,heezy,brat,playas,tyrese,maaaan,hadda,mbp,clump,jagged,roamin,worn,tweezy,gleam,sweetheart,velvet,atl,ev,strokers,wristwear,tasy,dizzog,bizzo,xscape,zane,atlanta,thumps,destination,strike,nate,collin,ay,sumpin,goosebumps,yum,devoted,safest,sammie,stipe,kaya,storybook
Juvenile,solja,nolia,mamma,magnolia,mannie,tha,azz,juve,poop,lotion,utp,bauds,juvie,boyz,wodie,march,meyer,nigga,mf,bg,shiggedy,juv,vl,upt,cmr,ward,turk,223s,ha,chopper,uptown,motion,calio,ta,niggas,rees,tc,lil,soulja,leanin,valence,rag,oscar,girbaud,sets,bitch,bruh,wootay,lio,whodi
Lil Wayne,swagga,wee,shawty,carter,hollygrove,birdman,tha,gga,ck,gudda,tunechi,ssy,nigga,bitch,mula,kno,yeaa,cking,stunna,bedrock,stuntin,orleans,tch,trippy,ceilings,dat,da,f,fuck,syrup,yeahya,ggas,cita,injection,lollipop,sh,yea,jiggy,mullah,maine,wut,pussy,cmr,waynes,nuthing,chopper,lil,pom,shit,gurl
Ludacris,icky,miney,dtp,y0u,meenie,eenie,runaway,gether,eet,shawna,yep,sg,aqain,disturbing,ludas,ohhhh,cupids,yum,lova,hello,virgo,hoe,clause,youz,valle,ur,gim,tha,worried,disturbin,fatty,index,ey,overall,ayyyy,ik,georgia,285,sunglasses,ize,whoop,shawnna,cris,friendz,0,nigga,hoes,watchya,madden,shawty
Master P,ridas,silkk,limit,whodi,dank,soldiers,nigga,richmond,p,ward,brah,rowdy,calliope,niggas,chea,wodie,shocker,slangin,boom,diggi,dealas,orleans,sonya,tha,mp,yaknowhatimsayin,na,girlz,bitch,killas,fk,daytons,3rd,thangs,hut,uhhhhh,gangsta,burbans,whoadie,miller,tah,hush,tat,souljas,wanta,kenny,muthafuckin,dana,holla,whomp
Missy Elliott,swat,gainst,supa,misdemeanor,mommy,wah,busa,fricky,yah,dun,dutch,badman,dupa,rrr,getcha,weave,dats,izzy,ooooooh,daaaa,doo,ly,donk,sht,tres,di,temptation,jeeps,sprewells,singing,reverse,thanga,dat,tootie,visas,elliot,butterflies,mafucka,zah,kizzy,timb,nuh,cmon,ta,misdemeanors,toot,mi,haaa,coko,misdeameanor
Mystikal,stutter,aaw,throwed,replying,chea,murderer,hemp,bitch,stu,yaah,nigga,fuck,12th,whomp,handstand,silkk,aggressive,whutchu,shit,tha,tittie,thirteen,fabulous,ward,niggas,gumbo,muthafuckin,limit,whodi,tommorrow,talker,wsup,violator,fuckin,tarantula,whatd,tweeter,shocker,yearn,boot,ain,tt,chall,orleans,boisterous,concerts,braids,dat,bumping,bitches
Outkast,ode,dungeon,poo,trendsetters,ooo,uppin,df,drankin,3000,kast,valentines,oooo,hootie,stankonia,pointe,tash,bah,wid,bankhead,calhoun,godly,woo,ooooh,sideline,overheated,de,decatur,caroline,cadillac,git,bowtie,swats,stank,southern,sasha,hoo,roses,erb,oooooo,upits,malignant,hoez,ver,fowl,mighty,kb,llac,ballin,trillion,georgia
Pusha T,bod,quiting,kilos,gga,unapologetic,buzzards,unpolished,louboutins,brighten,yeh,exclamation,ye,boards,birdseye,saleen,entrada,louboutin,thiss,gull,burke,liva,commes,piata,cking,pegged,jaden,serenade,niggers,alas,balenciaga,overs,spraying,crane,nother,dries,tryna,flair,givenchy,dichotomy,slowing,dealer,tivo,regrets,mascot,nemo,glitters,nigga,doubles,sunk,bachelors
Rick Ross,touchn,maybach,ev,speedin,chevy,hustlin,meech,hitcha,trilla,bosss,niqqa,ggas,suspects,billionaire,khaled,yayo,sunglasses,gga,tha,gger,nigga,boss,reppin,mjg,hoover,usual,dade,summers,laa,woah,intricate,rozay,sophisticated,bitch,reebok,niggas,ridin,150,mistakes,trill,forgives,brisco,taxin,da,nutin,ro,fuck,stuntin,triple,larry
Scarface,southside,someday,brad,nigga,niggas,muthafuckin,shit,fuck,outchea,facemob,muthafucka,diary,maryjane,motherfuckin,bitch,sa,ward,hmmm,muthafuckas,skrilla,mutherfuckin,finna,yuk,mutha,krunch,stupider,agg,stead,uknowmsayin,tela,motherfucker,mayn,gangsta,snitch,ble,thier,holloway,shife,brads,funky,hoes,overnight,youknowmsayin,flippers,mam,slangin,motherfucking,ehm,powderpuff,maintian
Three 6 Mafia,lolli,memphis,ie,scarecrow,crunchy,infamous,igh,barrin,juicy,paul,mane,hypnotize,hoe,kaze,koop,prophet,bitch,bud,6,tha,nigga,triple,heffer,wha,quitta,mayn,mystic,fkin,fk,hitta,woow,dat,haven,hoes,playa,fking,bitches,klan,niggas,blac,da,hatas,wit,wid,spinners,characters,killas,posse,killa,crunk
Timbaland,maganoo,ching,marchin,timothy,wayy,timbo,miley,fri,wah,doh,va,jumps,mag,undertow,yeahh,bling,digga,tim,diggi,perks,considerate,nota,despised,keri,bubba,izza,hua,bats,ginuwine,ese,git,richter,oooh,aah,boogie,ficky,sought,crunk,pyar,hilson,maniac,tha,da,dreamt,rumours,esco,timmy,wha,nucca,motorboat
T.I.,swagga,swagger,shawty,ay,bankhead,fr,aye,kuntry,psc,gga,finna,trapp,nigga,forgave,swag,yae,24s,shit,niggas,amusement,dro,chirp,chevys,mayne,goodnight,trappin,partna,dey,homes,100k,swang,bikinis,swinging,sucka,wit,pimpin,wildside,trap,travelin,patna,holla,pc,bruh,betta,dawg,dopeman,folk,polices,louis,straightened
TRU,silkk,bou,fedz,limit,cheeze,richmond,boz,calliope,niggas,killas,nigga,ward,soldiers,187,dow,shocker,mia,swamp,motherfuckin,mobbn,motherfucking,muthafuckin,dey,tha,kevin,fuck,soldier,ral,unlady,gangstafied,shit,serv,bitch,foo,bustas,porsha,hoe,taz,deala,dolla,uptown,dopeman,fiends,dank,playa,p,rowdy,dealers,slangin,hoes
UGK,institution,84,trill,bun,swinging,shife,corruptors,swangin,fk,swishas,ohhhhhhhhhhhh,knahmtalkinbout,sweets,bitch,pimpin,mur,innate,eah,kingz,slab,pimp,candy,texas,diggers,erb,sixteens,pa,nigga,hoes,disturbed,confusin,swisha,boppers,ohhhhhh,niggas,gos,compressor,hoe,sable,affair,syrup,plex,chilla,dank,crampin,ridin,execution,fuck,shit,daytons
Vanilla Ice,icky,fuked,darkman,prozac,unbreakable,published,gail,survivor,puppet,illy,2xs,produced,rosta,rah,shituh,deshay,iceman,revolves,detonator,primal,reapeat,zag,funky,tah,studios,wickedness,ooooo,inc,vanillas,shay,zig,freestylin,tha,fk,ice,normal,satisfaction,bayou,emi,reggae,beachfront,fck,keyboards,rue,programming,engineered,rae,roni,psycho,alien
Young Jeezy,jeah,cte,jizzle,getta,nigga,lambos,swag,ay,kno,bandana,goddamned,snowman,trap,erbody,tha,niggas,shawty,muhfkin,rida,survivor,clumsy,da,muhfka,needa,mane,streetz,shit,grind,corporate,87s,yea,pulla,jus,hypnotized,tch,louie,holla,squares,usda,everythang,chevy,luv,stunna,wit,gurl,tryna,fye,dey,dat,soundman
2pac,tha,dayz,outlaw,soulja,outlawz,deathrow,males,makaveli,niggas,streetz,nigga,overlapping,eyez,brendas,heartz,thuglife,mutha,ballad,fuck,kastro,troublesome,thugz,outlaws,westside,homies,pac,fuckas,enemies,ridah,playa,comrades,motherfuckers,cradle,shit,adversaries,bustas,rearview,behaviour,heeyyy,bitches,hahaha,thuggin,syke,whatz,yaknowhatimsayin,motha,motherfuckin,mourn,2nite,latasha
Blackalicious,dah,gab,orchestrate,lateef,purest,accelerate,prostrate,thoughtlessness,aural,fabulous,elevate,encased,dee,forest,lah,altered,overwhelming,societies,offerings,seeded,reveals,preme,motivate,bended,astrologist,catalyst,concentrate,articles,seeping,di,irate,energy,uses,erupting,calculus,oncoming,fatness,arrow,verbal,gift,inner,restlessness,stifled,heaviness,lipsticks,sedatives,distinctive,mucus,scattering,within
Casual,automobile,cas,snupe,flunked,overlordian,shamen,phuck,calamity,pelted,endo,yaseewhatimsayin,standpoint,belted,refreshed,hieros,jon,comp,reasoning,amend,tajai,exceeded,misconstrued,aloof,reluctant,hiero,dat,prowess,promptly,breakbeats,autobiography,muster,jammies,seasoning,array,axes,rattles,eh,releasing,gatt,mi,bitchs,shit,fog,rudely,policies,clowning,allways,mcing,helluva,maintained
Coolio,rrrr,thevz,mrs,maad,cos,throwdown,mayn,thief,cruisin,casulties,wa,exercise,somebodys,sistas,coz,keenan,voyage,smugglers,babay,letn,cought,conned,criticism,slowly,posed,slippity,corn,shinin,huckleberry,jones,donald,monstar,beer,nutsac,stix,pixie,kel,wino,compton,homies,fantastic,sumpin,ooh,takes,favour,paradise,spending,doo,ha,dranky
Cypress Hill,que,te,sen,biddy,seeker,como,gatt,en,greenthumb,cuando,tu,por,hill,bong,porque,todo,el,tengo,voy,los,pero,mi,ese,bilingual,aqui,mota,si,illusions,membrane,soy,hummm,nunca,todos,un,estoy,gente,muggs,ahit,dicen,lingo,esta,con,se,sabes,assassins,doughboy,latin,hacer,este,tiempo
Del Tha Funkee Homosapien,bombay,phuck,immersed,whacha,meadow,unicron,fraudulent,upgrade,ku,hoodz,industy,dozens,ur,associates,nosin,phuckin,hiero,blindness,opio,soopa,landslide,gluttius,swallowers,phucked,emcees,development,funk,fiendish,proto,cm,sums,dr,tajai,feen,mysterious,imbecile,expensive,oakland,enhanced,wannabes,appearances,jeah,splendor,fools,companies,lackluster,brimstone,dam,caretaker,keel
Digital Underground,humpty,hump,wussup,quack,packet,underwater,holly,rimes,89,shimmy,guts,colour,cocoa,belongs,funky,meee,ody,oregano,widdit,awright,doggs,humps,funk,packets,wheee,rhymings,ces,blowfish,ooh,nucka,dumpty,circus,punana,gook,iza,shock,shuttle,ooooooooh,diluted,digital,peewee,falsely,doll,groceries,underground,abstinence,barbecued,barring,dab,flo
Domo Genesis,sheeit,musnt,ruffles,greenbacks,rasta,wolf,tings,basic,papers,membership,facelift,kickin,appropriately,gameplay,scathe,maharishi,mayonaisse,homestead,hairlines,decapitator,valeries,signalin,encountering,portioned,laurel,cambell,rileys,hairline,jurassic,salute,fi,loitering,assures,nilly,syd,flubber,clancy,fastballs,vapes,skinnin,scribblin,buzzin,endorphins,exs,rufus,calligraphy,samoans,swaggers,zac,sabers
Dr. Dre,tat,chiggie,kurupt,scheamin,colourblind,daz,sometin,yippy,pleeease,aftermath,chariot,masterplan,dr,witta,reschedule,lis,hologram,rbx,somein,muthafuckin,muthafucker,313,gibberish,ackrite,chronic,compton,shit,timmy,choices,str,motherfuckin,fuck,nigga,doc,sch,ket,hittman,andan,nutz,blackstreet,niggas,dup,bon,bitch,yank,fuckable,ea,fcker,ws,row
E-40,alcoholism,ambassador,beotch,vallejo,potnah,mannish,mayne,weedman,wid,yola,suga,bootch,rossi,sprinkle,tycoon,walla,fetti,git,hydraulics,ayee,gouda,mossie,sheit,scrill,botch,papered,soil,elroys,thatta,taping,hillside,sic,nigga,pimpin,faulty,turf,gangsterous,ind,oooh,beatch,regulation,hella,carlos,shit,hyphy,batch,mayn,hoe,fonzarelli,sliding
Earl Sweatshirt,psyche,doms,nak,wolf,bruh,degenerate,migraine,scoffing,trashwang,piggies,netted,ritalin,danced,pendulum,lubricant,hassled,tutor,moonlight,freckles,splattered,stitched,blaring,auctioned,immigrants,errand,fucking,cattle,nahh,troll,witted,bitching,channeling,caking,gluteus,heron,pale,wolves,shouting,miley,autumn,spanking,switchblade,doobies,spliffs,regiment,payment,mothafucking,gil,faggot,swinging
Eazy-E,tha,muthaphukkin,compton,nutt,yer,duz,ruthless,muthafucker,nutz,muthafuckers,muthafuckin,cpt,mothafuckaz,eazys,muthaphukka,playaz,kilo,tah,ket,knocc,hunnie,pranksters,cooky,wooooooo,whatta,alpine,gangsta,gta,scratched,municiple,123,aaaaah,picnics,dapper,merry,64,suburbian,wordem,indo,thugster,camino,y,prankstas,fuck,jb,louieville,neat,fellaz,str8,wheat
Hieroglyphics,hiero,waitll,blackouts,hieroglyphic,maggie,soweto,oakland,tajai,imperative,remainders,inscription,innovators,imhotep,mega,attendance,vibrators,boundaries,cas,interaction,methane,exercise,historys,inventive,profusely,comparable,emcees,kinetic,intricate,developing,delight,intents,renowned,fatal,stimulate,unseen,retrieve,diplomatic,stereotypical,interlocked,oracles,habitually,flotation,fluttering,rekindling,enrichin,illuminating,eroding,touchable,inebriating,pricely
Hodgy Beats,pasadena,dena,oooo,hb,thrash,apologize,intestines,hypebeast,fevers,bridget,wsup,gecko,grilling,mamis,anyday,mothafucka,unsure,playlist,occur,taj,differ,sized,730,tantrum,ingrained,probley,stinch,cums,toothache,inverted,odder,sayshe,cashew,scured,tylers,kar,continuum,fidgets,beaut,bluffed,palins,grater,fillies,vyron,falsetto,huts,cupid,arrows,nasa,cannon
Ice Cube,lench,locs,diggi,nya,westside,popos,google,fuck,nigga,bucka,peckin,gangsta,mayne,dow,cos,khop,unleaded,central,clubbin,bitch,wc,mutha,shit,tha,ri,pyroclastic,brainless,niggas,gansta,raider,jinx,bing,tustle,berzerk,bimbos,siblings,amerikkkas,cubes,muthafuckers,bop,ice,akin,wetcha,oshea,russ,gaffled,motherfuckin,disappearin,california,mang
Ice-T,syndicate,hijacked,decker,wanta,hardcore,homeboys,hunted,donald,killers,posse,larceny,carries,wheels,softly,409,seventh,central,ice,islam,lapd,fuck,everlast,shit,nigga,hen,emfuck,punks,airtight,nitro,cos,players,motherfuckin,vests,requested,homeboy,ricochet,marquis,woy,riddim,posses,ammo,iceberg,illin,pusher,es,maxin,bodybag,niggas,ultimate,bitch
Kendrick Lamar,kendrick,drank,hol,oa,ironic,yawk,maad,compton,woop,rosecrans,baywatch,beeitch,hiiipower,vanity,dive,babysittin,corinthians,lamar,72,gga,poetic,hallucination,chopper,aaliyah,hieroglyphs,pirus,thirst,faded,reconnect,swimming,audemar,coyotes,frightening,vibe,coltrane,pool,sandbox,burr,eiffel,cartoons,promise,canals,resembled,jayceon,relations,alleyways,temptation,kendricks,adhd,brendas
Lil B,basedgod,hilton,nawmean,felonies,yessir,thuggin,bellamy,based,waterfront,wonton,chang,bruh,paris,taken,tiny,goon,finna,namsayin,robber,shouts,bitch,2011,ching,mindset,berkeley,racks,zips,lil,licks,grandeur,toon,mainstream,muthafuckin,chopper,horry,soulja,mane,swag,66,rawest,donald,imma,losers,mayne,spalding,honors,soup,robbing,09,beezy
Macklemore,northwest,letterhead,dependency,unicorns,castle,usa,nana,hiphop,seattle,coyote,ego,xp,romo,hella,sailing,capitol,shlong,humility,thorns,walkman,marker,attachments,privilege,faithful,mp3s,thief,sinking,awesome,14,selfish,thrift,carat,pirate,08,fringe,emos,ceiling,bowie,sexist,moments,universe,danced,consumption,vices,comforting,206,mariners,freaking,cathedral,na
MC Hammer,pray,gaining,momentum,legit,addams,yonder,headhunter,catwalk,oaktown,stiggity,rewarded,goldie,generations,hyped,hammers,wiggity,bottling,grooving,1s,mutha,sexy,fester,rump,parton,pumps,glory,stories,oakland,boomin,dah,holyfield,savior,dancing,toured,bump,babes,schoolhouse,slippity,cymbals,expirin,composing,biggidy,willll,gto,percolate,bangcock,propping,babeeee,untalented,tact
MC Ren,mayday,compton,rocc,villain,coastin,hub,cpt,niggas,mothafuckaz,scientist,ause,nigga,shit,fuck,renll,concepts,rens,believed,hutch,frontline,villian,mothafuckin,ideas,millimeter,ruthless,shack,motherfuckas,thethethe,funky,axin,motherfuckin,mjg,hound,handkerchief,fuckin,bitch,frontier,motherfuckers,carryin,aside,resource,zippin,duce,439,jubee,deceivers,fools,bitches,az,187
Mike G,blacc,friday,werewolf,astute,pundit,callus,lavish,nicole,mist,erase,compassionate,christine,narrative,hyenas,rogue,appear,tryna,analyst,reverend,entity,cycle,chaa,marksmanship,reattach,fonzy,contingency,salems,yesssss,750,bumblebees,mish,alife,firestarter,unsuspecting,tendancies,mike,montana,emma,partridges,consistency,olympian,hodgys,hosts,irresponsible,mapquest,relentlessly,charades,creampie,cosbys,jager
N.W.A.,dopeman,compton,comptons,fk,wayback,nigger,mothafuckin,tha,motherfking,mothafuckaz,dopemans,expressin,strawberry,police,coz,muthafuking,wren,dayz,fuck,motherfker,rens,mothafkin,de,ei,ruthless,iz,niggaz,wacky,alpine,awwwwww,bitch,alwayz,nwas,shit,swallowed,express,motherfkers,dup,noice,thu,qualify,kilo,appetite,slicky,gta,freebase,ganked,dr,wuz,fking
Odd Future,wolf,swag,jasper,cv,casey,wang,veggies,2dopeboyz,lisa,bitch,wolves,fuck,golf,inhaler,syd,clancy,balm,loiter,horny,fuckin,greatly,lames,travis,nigga,fucking,gang,preme,shouts,shit,storage,malaya,ensurin,muskets,klumps,fatass,berman,jergins,sagan,lettermans,meadows,customized,whiff,turnt,masturbates,fillings,stapler,bladders,sucky,thrasher,bandwagon
Schoolboy Q,chug,di,tote,na,brews,uuh,yawk,textin,hippy,cra,beez,oxycontin,continues,zoning,bruh,cycle,sexting,snooping,hiiipower,oxy,ching,groovy,quincy,niggas,ster,nigga,swag,titties,already,awwwwww,flexin,weed,guessin,chop,getter,shit,bounce,yawns,toupe,intention,minors,da,yay,figueroa,dogged,collard,pills,promises,boosting,brah
Skee-Lo,taller,crenshaw,baller,cheeseburger,impala,stairs,pounder,skeeter,hamburger,slowin,oriental,milkshake,cares,sympathy,misery,rabbit,64,lorraine,diet,smaller,beneath,lo,blt,skittle,wish,bat,mamma,salad,caused,coleman,sunday,layer,hooray,figaro,105,mookie,hatchback,110,waitin,waffles,reunited,shaw,bleachers,scat,persist,baye,yippee,mattlock,yai,sshh
Snoop Dogg,dogghouse,sensual,lbc,snoopy,deee,doggz,eastside,woof,daz,eruption,drip,gurlz,seduction,yippie,suwoop,kurupt,doggs,goldie,weee,dpgc,doggfather,gangsta,cuh,fk,snoops,nigga,nate,crip,tray,mothafucker,eastsidaz,winning,bigg,motherfkin,tha,dancer,doggystyle,gz,niggas,na,shit,soopafly,pads,nephew,psst,bitch,crippin,ashtrays,homies,dippin
Souls of Mischief,tajai,opio,phesto,93,hiero,phuk,snupe,limitations,heiroglyphics,hoz,sup,domino,oakland,surpass,stoke,arousing,educate,meditate,dosia,voluptuous,clockwork,impacts,colorless,ingesting,willed,doozy,redirect,incinerated,pizzaz,reconsider,inter,postal,lindsey,greenbacks,youknowhatimsayin,breakneck,westbound,emulating,seducing,panache,axed,impending,descriptive,contention,op,resolution,mcs,skins,instantly,keen
Tha Dogg Pound,daz,kurupt,23s,wheelin,dpgc,tha,spokes,gangsta,gangstas,fk,doggs,nate,weighin,azz,gangstaz,dillinger,nigga,active,postin,dat,pum,poetical,cyco,bitch,gd,forgettin,niggas,motherfker,homeboys,cavi,concoct,pound,lawd,howl,iz,stoplight,slipin,coastin,pussy,homies,llac,endz,hos,jus,aiyya,shit,mash,yknahmsayin,fuck,soopafly
The Game,compton,buddens,unot,powerhouse,colors,yayo,justo,purp,westcoast,nigga,gga,1970,crips,bleek,impala,olivia,aftermath,niggas,fk,jayceon,california,nggas,phantom,documentary,westside,shit,crip,dodgers,piru,ckin,chronic,bandana,hydraulics,64,niggah,aa,violin,bomaye,suge,bloods,gona,fortress,cpt,krazy,lambo,fillmoe,mayne,gangsta,shyne,underdogs
The Pharcyde,jiggaboo,downlow,fatlip,bootie,downstroke,farmer,yer,oui,onnn,somethins,manhood,underoos,reaped,tre,indoe,zag,moo,cmere,refrain,phar,seagull,cavin,towering,ahs,whisky,zig,otha,wantcha,flave,crawls,induce,grille,sustained,misery,ego,network,effected,clarify,everythings,backhand,silhouettes,jiggaboos,hoooooo,goyo,redesign,ragamuffin,merging,sicken,onnnnnnnn,selecting
Tone Loc,uknowmsayin,medina,westside,whaaa,sher,iff,behavior,medinas,sheena,funky,deputy,locs,swam,gangbangin,freaky,copasetic,yeeeaah,oes,cantina,buis,iiiiii,surveyor,humpy,ahhha,1966,kennys,schwin,locoi,fanz,hm,noooooooo,aves,dayum,spuds,engagin,ager,devastated,insanes,vaya,bikini,breaststroke,stacys,tacchini,hooter,20000,trimmin,hypeness,diaphragm,mckenzie,starched
Too Short,oakland,dit,oaktown,beyotch,dum,cootie,bitch,ditty,caint,pimpin,beotch,invasion,ant,hoes,bitches,player,sir,funk,hoe,short,players,beitch,notches,pimp,tales,ried,mackin,dawg,fuck,paints,fk,macking,shit,california,tramp,dangerous,goldy,sucked,tender,pimps,foothill,incorporated,oak,muthafukin,yaht,nuthin,mack,vogues,dick,choosin
"Tyler, the Creator",wang,slater,golf,wolf,bimmer,loiter,48,haley,jasper,fucking,fuck,gnaw,salem,swag,cowboy,preme,clancy,awkwardly,lurking,tamale,emo,raquel,faggot,smacking,sams,2dopeboyz,bitch,unicorn,goblin,bubbled,axes,fuckin,hipster,kidnapping,yonkers,therapist,shit,slurpees,attacking,danielle,happiest,wolves,french,nigga,bruh,mindset,turds,tron,fag,sandwitches
Warren G,lbc,locc,nate,twinz,213,funk,ooooooo,hershey,youngstaz,wats,virgo,sagittarius,homeys,forgettin,eezy,loccs,regulate,gd,airborne,annie,pisces,tah,aquarius,aries,tighter,gz,violation,shack,whatchou,libra,virgin,kurupt,doggs,beach,lump,punkin,beeyatch,homey,scorpio,brothas,lumps,baghdad,g,capricorn,badass,eastside,madonna,regulatin,thee,gemini
